s,kW/m2,kg/m2/s,kW/m2,C,kW/m2,kW/m3,kW/m3,kW/m2,C
Time,"U","burn","con","gas","gauge","hrrpuv","qr","rad","temp"
 0.0000000E+000, 1.6747495E+000, 0.0000000E+000, 0.0000000E+000, 2.0000000E+001,-5.8975049E-005, 0.0000000E+000,-3.4086527E-005,-5.3077502E-005, 2.0000000E+001
 2.0612660E-001, 1.6750241E+000, 1.4466384E-020, 6.9470679E-007, 2.0001352E+001,-8.0384115E-006, 0.0000000E+000,-7.6121056E-006,-7.8199362E-006, 1.9999987E+001
 4.1225320E-001, 1.6750689E+000, 2.8932767E-020, 3.3146137E-005, 2.0052376E+001, 3.5147118E-005, 0.0000000E+000,-1.2950184E-004, 1.4606391E-006, 2.0000114E+001
 6.1837980E-001, 1.6752361E+000, 2.8932772E-020, 5.4033021E-004, 2.0492728E+001, 5.7677725E-004, 0.0000000E+000,-1.2085553E-003, 2.3829313E-005, 2.0002272E+001
 8.2450640E-001, 1.6754033E+000, 2.8932882E-020, 4.3576612E-003, 2.2535912E+001, 4.4641012E-003, 0.0000000E+000,-6.3528868E-003, 2.8906577E-006, 2.0019241E+001
 1.0306330E+000, 1.6765858E+000, 2.8933832E-020, 2.1769212E-002, 2.8861022E+001, 2.2369903E-002, 0.0000000E+000,-2.2935753E-002,-4.6557338E-005, 2.0101142E+001
 1.2367596E+000, 1.6784052E+000, 2.8938924E-020, 7.2863442E-002, 4.2820923E+001, 7.4874949E-002, 0.0000000E+000,-5.9593006E-002,-6.3935543E-004, 2.0360979E+001
 1.4428862E+000, 1.6802245E+000, 2.8957688E-020, 1.6130324E-001, 6.2026073E+001, 1.6620361E-001, 0.0000000E+000,-1.1556538E-001,-2.3858468E-003, 2.0888592E+001
 1.6490128E+000, 1.6854820E+000, 2.9006213E-020, 2.3170550E-001, 7.3112927E+001, 2.4078323E-001, 0.0000000E+000,-1.5352543E-001,-4.5539073E-003, 2.1524679E+001
 1.8551394E+000, 1.6890764E+000, 2.9092793E-020, 2.3977398E-001, 7.2102173E+001, 2.5159543E-001, 0.0000000E+000,-1.4949513E-001,-6.9761092E-003, 2.1993826E+001
 2.0440219E+000, 1.6926707E+000, 2.9196991E-020, 2.1014415E-001, 6.5678515E+001, 2.2321058E-001, 0.0000000E+000,-1.2643356E-001,-8.2546579E-003, 2.2204107E+001
 2.2047808E+000, 1.6996285E+000, 2.9301099E-020, 1.8055085E-001, 6.1181108E+001, 1.9459737E-001, 0.0000000E+000,-1.1054472E-001,-8.2197264E-003, 2.2279496E+001
 2.4164920E+000, 1.7040842E+000, 2.9392024E-020, 1.8874413E-001, 6.5419593E+001, 2.0416464E-001, 0.0000000E+000,-1.2443617E-001,-8.2116686E-003, 2.2418041E+001
 2.6019881E+000, 1.7099798E+000, 2.9503210E-020, 2.2113719E-001, 7.0562928E+001, 2.3913856E-001, 0.0000000E+000,-1.4187872E-001,-8.9906090E-003, 2.2731850E+001
 2.8493163E+000, 1.7141581E+000, 2.9620056E-020, 2.3113517E-001, 7.2374101E+001, 2.5093132E-001, 0.0000000E+000,-1.4801462E-001,-1.0270571E-002, 2.3020966E+001
 3.0348124E+000, 1.7175113E+000, 2.9748329E-020, 2.2875634E-001, 7.1810365E+001, 2.4978659E-001, 0.0000000E+000,-1.4563825E-001,-1.1449766E-002, 2.3253862E+001
 3.2203085E+000, 1.7204330E+000, 2.9879371E-020, 2.1426038E-001, 6.9333268E+001, 2.3604281E-001, 0.0000000E+000,-1.3647142E-001,-1.2150882E-002, 2.3403172E+001
 3.4058046E+000, 1.7225130E+000, 2.9979933E-020, 2.0055730E-001, 6.7048538E+001, 2.2264263E-001, 0.0000000E+000,-1.2821934E-001,-1.2443905E-002, 2.3474913E+001
 3.6531327E+000, 1.7243897E+000, 3.0109318E-020, 1.9923061E-001, 6.7510940E+001, 2.2194290E-001, 0.0000000E+000,-1.2965446E-001,-1.3014611E-002, 2.3603540E+001
 3.8386288E+000, 1.7254796E+000, 3.0241759E-020, 2.1130341E-001, 6.9802592E+001, 2.3511337E-001, 0.0000000E+000,-1.3763931E-001,-1.3952294E-002, 2.3800115E+001
 4.0241249E+000, 1.7267073E+000, 3.0347316E-020, 2.1869869E-001, 7.1333316E+001, 2.4342993E-001, 0.0000000E+000,-1.4301313E-001,-1.4750942E-002, 2.3963215E+001
 4.2096210E+000, 1.7280750E+000, 3.0490284E-020, 2.2033749E-001, 7.1524039E+001, 2.4607849E-001, 0.0000000E+000,-1.4356909E-001,-1.5683133E-002, 2.4150466E+001
 4.4569492E+000, 1.7299865E+000, 3.0638850E-020, 2.1181743E-001, 6.9975177E+001, 2.3822487E-001, 0.0000000E+000,-1.3781823E-001,-1.6315193E-002, 2.4285154E+001
 4.6424453E+000, 1.7316855E+000, 3.0784374E-020, 2.0177090E-001, 6.8344430E+001, 2.2858135E-001, 0.0000000E+000,-1.3186356E-001,-1.6788704E-002, 2.4385029E+001
 4.8279414E+000, 1.7328400E+000, 3.0923859E-020, 1.9909821E-001, 6.8251285E+001, 2.2637270E-001, 0.0000000E+000,-1.3142277E-001,-1.7277900E-002, 2.4487940E+001
 5.0134375E+000, 1.7338847E+000, 3.1035370E-020, 2.0375353E-001, 6.9452228E+001, 2.3165274E-001, 0.0000000E+000,-1.3557118E-001,-1.7783062E-002, 2.4597528E+001
 5.2174832E+000, 1.7348627E+000, 3.1184476E-020, 2.1262283E-001, 7.1044888E+001, 2.4155870E-001, 0.0000000E+000,-1.4117797E-001,-1.8604547E-002, 2.4773183E+001
 5.4215289E+000, 1.7361062E+000, 3.1321730E-020, 2.1597027E-001, 7.1661641E+001, 2.4574760E-001, 0.0000000E+000,-1.4328440E-001,-1.9307874E-002, 2.4921076E+001
 5.6255746E+000, 1.7374075E+000, 3.1506456E-020, 2.1184544E-001, 7.0962676E+001, 2.4234679E-001, 0.0000000E+000,-1.4063271E-001,-2.0081960E-002, 2.5071566E+001
 5.8296204E+000, 1.7388449E+000, 3.1654865E-020, 2.0660825E-001, 7.0106504E+001, 2.3755815E-001, 0.0000000E+000,-1.3741832E-001,-2.0536116E-002, 2.5167501E+001
 6.0404676E+000, 1.7402260E+000, 3.1839479E-020, 2.0540809E-001, 7.0220490E+001, 2.3700778E-001, 0.0000000E+000,-1.3769194E-001,-2.1111125E-002, 2.5293889E+001
 6.2649179E+000, 1.7415354E+000, 3.1987982E-020, 2.1010701E-001, 7.1427810E+001, 2.4250245E-001, 0.0000000E+000,-1.4191098E-001,-2.1647573E-002, 2.5421765E+001
 6.4145514E+000, 1.7425855E+000, 3.2155521E-020, 2.1600305E-001, 7.2454985E+001, 2.4929342E-001, 0.0000000E+000,-1.4553895E-001,-2.2347510E-002, 2.5571768E+001
 6.6390017E+000, 1.7436153E+000, 3.2337356E-020, 2.1676945E-001, 7.2612156E+001, 2.5079243E-001, 0.0000000E+000,-1.4601249E-001,-2.3072189E-002, 2.5712664E+001
 6.8634520E+000, 1.7449177E+000, 3.2525264E-020, 2.1447486E-001, 7.2317684E+001, 2.4909581E-001, 0.0000000E+000,-1.4481055E-001,-2.3698287E-002, 2.5835365E+001
 7.0130855E+000, 1.7458151E+000, 3.2714506E-020, 2.1422336E-001, 7.2589906E+001, 2.4944793E-001, 0.0000000E+000,-1.4571702E-001,-2.4295685E-002, 2.5955363E+001
 7.2375358E+000, 1.7474049E+000, 3.2907233E-020, 2.1905199E-001, 7.3574131E+001, 2.5517476E-001, 0.0000000E+000,-1.4917604E-001,-2.4891792E-002, 2.6094404E+001
 7.4619861E+000, 1.7488428E+000, 3.3109078E-020, 2.2426937E-001, 7.4706837E+001, 2.6136618E-001, 0.0000000E+000,-1.5322985E-001,-2.5556333E-002, 2.6245687E+001
 7.6116196E+000, 1.7504564E+000, 3.3322624E-020, 2.2678746E-001, 7.5108727E+001, 2.6476936E-001, 0.0000000E+000,-1.5457018E-001,-2.6249138E-002, 2.6393868E+001
 7.8360699E+000, 1.7512905E+000, 3.3546276E-020, 2.2440003E-001, 7.4756802E+001, 2.6296949E-001, 0.0000000E+000,-1.5317722E-001,-2.6930409E-002, 2.6520424E+001
 8.0605202E+000, 1.7527036E+000, 3.3771831E-020, 2.1912757E-001, 7.3843542E+001, 2.5812248E-001, 0.0000000E+000,-1.4965239E-001,-2.7462201E-002, 2.6623506E+001
 8.2101537E+000, 1.7538198E+000, 3.3994191E-020, 2.1576782E-001, 7.3711979E+001, 2.5517817E-001, 0.0000000E+000,-1.4905747E-001,-2.7929360E-002, 2.6718446E+001
 8.4346040E+000, 1.7549136E+000, 3.4215829E-020, 2.2757748E-001, 7.6231188E+001, 2.6808084E-001, 0.0000000E+000,-1.5836709E-001,-2.8556116E-002, 2.6869235E+001
 8.6590543E+000, 1.7562761E+000, 3.4456379E-020, 2.3577655E-001, 7.7320532E+001, 2.7740457E-001, 0.0000000E+000,-1.6234531E-001,-2.9369762E-002, 2.7041044E+001
 8.8086878E+000, 1.7570985E+000, 3.4720535E-020, 2.2972214E-001, 7.6371519E+001, 2.7183816E-001, 0.0000000E+000,-1.5866502E-001,-3.0093678E-002, 2.7164558E+001
 9.0331381E+000, 1.7583004E+000, 3.4983355E-020, 2.3333664E-001, 7.7621296E+001, 2.7623466E-001, 0.0000000E+000,-1.6330250E-001,-3.0708075E-002, 2.7296648E+001
 9.2575884E+000, 1.7597032E+000, 3.5252558E-020, 2.4012654E-001, 7.8287154E+001, 2.8405709E-001, 0.0000000E+000,-1.6571104E-001,-3.1436423E-002, 2.7454686E+001
 9.4072219E+000, 1.7612260E+000, 3.5541041E-020, 2.2410928E-001, 7.5402385E+001, 2.6809117E-001, 0.0000000E+000,-1.5462274E-001,-3.1976734E-002, 2.7535731E+001
 9.6316722E+000, 1.7618433E+000, 3.5812099E-020, 2.1961544E-001, 7.5420160E+001, 2.6379829E-001, 0.0000000E+000,-1.5464011E-001,-3.2291432E-002, 2.7603216E+001
 9.8561225E+000, 1.7629485E+000, 3.6070471E-020, 2.3709705E-001, 7.8978985E+001, 2.8259626E-001, 0.0000000E+000,-1.6805650E-001,-3.2915208E-002, 2.7761726E+001
 1.0005756E+001, 1.7638435E+000, 3.6361653E-020, 2.4062402E-001, 7.8302382E+001, 2.8700942E-001, 0.0000000E+000,-1.6537042E-001,-3.3766947E-002, 2.7917468E+001
 1.0214816E+001, 1.7645908E+000, 3.6671070E-020, 2.1361514E-001, 7.4126533E+001, 2.5929632E-001, 0.0000000E+000,-1.4954896E-001,-3.4107329E-002, 2.7934723E+001
 1.0416181E+001, 1.7653239E+000, 3.6931757E-020, 2.0935014E-001, 7.4022466E+001, 2.5503963E-001, 0.0000000E+000,-1.4909053E-001,-3.4246636E-002, 2.7968794E+001
 1.0617546E+001, 1.7660269E+000, 3.7216777E-020, 2.1935478E-001, 7.5762147E+001, 2.6592893E-001, 0.0000000E+000,-1.5550033E-001,-3.4750782E-002, 2.8085856E+001
 1.0818911E+001, 1.7667345E+000, 3.7467606E-020, 2.0914267E-001, 7.2873940E+001, 2.5565653E-001, 0.0000000E+000,-1.4475606E-001,-3.5158122E-002, 2.8140656E+001
 1.1033700E+001, 1.7669932E+000, 3.7765137E-020, 1.8215734E-001, 6.8795810E+001, 2.2748824E-001, 0.0000000E+000,-1.3001557E-001,-3.5179002E-002, 2.8104484E+001
 1.1255201E+001, 1.7671569E+000, 3.7960612E-020, 1.9057662E-001, 7.1406714E+001, 2.3635335E-001, 0.0000000E+000,-1.3936539E-001,-3.5269143E-002, 2.8147118E+001
 1.1402869E+001, 1.7673792E+000, 3.8172945E-020, 2.1000397E-001, 7.4383094E+001, 2.5705450E-001, 0.0000000E+000,-1.5021990E-001,-3.5824793E-002, 2.8279594E+001
 1.1624371E+001, 1.7680214E+000, 3.8442002E-020, 2.0054412E-001, 7.1929800E+001, 2.4763125E-001, 0.0000000E+000,-1.4119949E-001,-3.6370485E-002, 2.8354022E+001
 1.1845872E+001, 1.7682063E+000, 3.8708126E-020, 1.7317250E-001, 6.7119518E+001, 2.1900017E-001, 0.0000000E+000,-1.2401528E-001,-3.6428369E-002, 2.8314906E+001
 1.2067373E+001, 1.7685989E+000, 3.8960695E-020, 1.8176835E-001, 6.9739920E+001, 2.2811414E-001, 0.0000000E+000,-1.3323533E-001,-3.6446279E-002, 2.8356924E+001
 1.2215041E+001, 1.7693054E+000, 3.9140273E-020, 1.9778173E-001, 7.2744284E+001, 2.4531595E-001, 0.0000000E+000,-1.4399325E-001,-3.6862038E-002, 2.8467603E+001
 1.2436542E+001, 1.7698000E+000, 3.9361987E-020, 1.9283468E-001, 7.0467797E+001, 2.4051166E-001, 0.0000000E+000,-1.3573280E-001,-3.7347620E-002, 2.8536428E+001
 1.2658044E+001, 1.7701674E+000, 3.9680846E-020, 1.6745363E-001, 6.6597673E+001, 2.1397845E-001, 0.0000000E+000,-1.2200905E-001,-3.7438721E-002, 2.8512660E+001
 1.2805711E+001, 1.7704936E+000, 3.9856210E-020, 1.7184147E-001, 6.7933509E+001, 2.1867545E-001, 0.0000000E+000,-1.2663963E-001,-3.7438569E-002, 2.8537042E+001
 1.3027213E+001, 1.7710245E+000, 4.0027352E-020, 1.8351385E-001, 7.0288908E+001, 2.3122095E-001, 0.0000000E+000,-1.3493932E-001,-3.7697737E-002, 2.8613802E+001
 1.3248714E+001, 1.7717342E+000, 4.0320759E-020, 1.8352027E-001, 6.9614304E+001, 2.3169189E-001, 0.0000000E+000,-1.3246435E-001,-3.8236928E-002, 2.8708223E+001
 1.3470216E+001, 1.7722286E+000, 4.0569076E-020, 1.7438980E-001, 6.8090122E+001, 2.2230040E-001, 0.0000000E+000,-1.2701681E-001,-3.8452603E-002, 2.8733236E+001
 1.3617883E+001, 1.7724962E+000, 4.0794510E-020, 1.7519603E-001, 6.8568431E+001, 2.2332292E-001, 0.0000000E+000,-1.2867492E-001,-3.8636424E-002, 2.8774569E+001
 1.3839385E+001, 1.7732485E+000, 4.1017917E-020, 1.7758725E-001, 6.9019066E+001, 2.2613435E-001, 0.0000000E+000,-1.3019463E-001,-3.8879349E-002, 2.8833299E+001
 1.4060886E+001, 1.7739530E+000, 4.1252029E-020, 1.7407506E-001, 6.8077569E+001, 2.2273912E-001, 0.0000000E+000,-1.2680735E-001,-3.9099407E-002, 2.8876751E+001
 1.4208554E+001, 1.7745656E+000, 4.1484242E-020, 1.6919731E-001, 6.7616860E+001, 2.1777239E-001, 0.0000000E+000,-1.2512970E-001,-3.9252154E-002, 2.8903379E+001
 1.4430055E+001, 1.7749011E+000, 4.1703733E-020, 1.7713640E-001, 6.9323073E+001, 2.2639655E-001, 0.0000000E+000,-1.3112386E-001,-3.9521284E-002, 2.8972107E+001
 1.4651557E+001, 1.7756714E+000, 4.1941450E-020, 1.8957576E-001, 7.1571196E+001, 2.3992829E-001, 0.0000000E+000,-1.3910121E-001,-4.0004667E-002, 2.9084433E+001
 1.4873058E+001, 1.7765188E+000, 4.2292090E-020, 1.8501750E-001, 7.0401450E+001, 2.3565184E-001, 0.0000000E+000,-1.3480758E-001,-4.0565674E-002, 2.9176786E+001
 1.5020726E+001, 1.7772003E+000, 4.2539041E-020, 1.7909657E-001, 6.9545592E+001, 2.2969798E-001, 0.0000000E+000,-1.3167883E-001,-4.0734365E-002, 2.9208797E+001
 1.5242227E+001, 1.7778724E+000, 4.2767881E-020, 1.7978607E-001, 6.9942027E+001, 2.3067564E-001, 0.0000000E+000,-1.3302742E-001,-4.0890459E-002, 2.9252722E+001
 1.5463728E+001, 1.7786557E+000, 4.3094012E-020, 1.8257103E-001, 7.0375297E+001, 2.3399758E-001, 0.0000000E+000,-1.3450078E-001,-4.1249728E-002, 2.9332846E+001
 1.5611396E+001, 1.7791673E+000, 4.3332414E-020, 1.7973095E-001, 6.9747250E+001, 2.3126227E-001, 0.0000000E+000,-1.3220544E-001,-4.1489551E-002, 2.9375310E+001
 1.5832898E+001, 1.7797308E+000, 4.3568524E-020, 1.8054517E-001, 7.0405034E+001, 2.3233264E-001, 0.0000000E+000,-1.3450601E-001,-4.1730661E-002, 2.9423405E+001
 1.6054399E+001, 1.7804866E+000, 4.3911602E-020, 1.9224064E-001, 7.2576617E+001, 2.4512786E-001, 0.0000000E+000,-1.4229199E-001,-4.2248097E-002, 2.9543298E+001
 1.6202067E+001, 1.7813967E+000, 4.4181373E-020, 1.9523476E-001, 7.3051650E+001, 2.4873876E-001, 0.0000000E+000,-1.4393981E-001,-4.2640197E-002, 2.9629230E+001
 1.6423568E+001, 1.7820731E+000, 4.4470280E-020, 1.9203738E-001, 7.2307867E+001, 2.4575100E-001, 0.0000000E+000,-1.4115437E-001,-4.2986467E-002, 2.9690668E+001
 1.6645069E+001, 1.7829116E+000, 4.4875674E-020, 1.8948154E-001, 7.2161365E+001, 2.4348823E-001, 0.0000000E+000,-1.4053851E-001,-4.3347598E-002, 2.9763502E+001
 1.6866571E+001, 1.7838027E+000, 4.5191156E-020, 1.9132264E-001, 7.2508806E+001, 2.4577772E-001, 0.0000000E+000,-1.4171825E-001,-4.3652774E-002, 2.9832200E+001
 1.7014238E+001, 1.7844987E+000, 4.5514333E-020, 1.8800368E-001, 7.1833868E+001, 2.4260328E-001, 0.0000000E+000,-1.3919300E-001,-4.3959144E-002, 2.9886284E+001
 1.7235740E+001, 1.7851023E+000, 4.5833387E-020, 1.8827189E-001, 7.2148659E+001, 2.4317597E-001, 0.0000000E+000,-1.4028177E-001,-4.4219706E-002, 2.9941796E+001
 1.7457241E+001, 1.7858530E+000, 4.6151804E-020, 2.0312755E-001, 7.5633013E+001, 2.5925773E-001, 0.0000000E+000,-1.5310034E-001,-4.4666716E-002, 3.0057199E+001
 1.7604909E+001, 1.7864420E+000, 4.6515413E-020, 2.1332124E-001, 7.6332675E+001, 2.7058136E-001, 0.0000000E+000,-1.5566181E-001,-4.5375902E-002, 3.0196241E+001
 1.7826410E+001, 1.7873441E+000, 4.6935511E-020, 1.9659299E-001, 7.3551863E+001, 2.5336190E-001, 0.0000000E+000,-1.4520721E-001,-4.5731681E-002, 3.0234111E+001
 1.8047912E+001, 1.7880426E+000, 4.7313059E-020, 1.8860989E-001, 7.2550204E+001, 2.4514456E-001, 0.0000000E+000,-1.4145763E-001,-4.5853814E-002, 3.0255588E+001
 1.8269413E+001, 1.7888051E+000, 4.7732242E-020, 1.9440105E-001, 7.3601361E+001, 2.5160579E-001, 0.0000000E+000,-1.4523997E-001,-4.6148199E-002, 3.0333129E+001
 1.8417081E+001, 1.7894453E+000, 4.8039216E-020, 1.8911336E-001, 7.2372531E+001, 2.4627775E-001, 0.0000000E+000,-1.4067225E-001,-4.6371174E-002, 3.0368970E+001
 1.8638582E+001, 1.7897308E+000, 4.8343257E-020, 1.8551618E-001, 7.2135130E+001, 2.4261958E-001, 0.0000000E+000,-1.3977828E-001,-4.6549714E-002, 3.0396894E+001
 1.8860084E+001, 1.7901013E+000, 4.8756241E-020, 1.9197141E-001, 7.3555727E+001, 2.4975261E-001, 0.0000000E+000,-1.4494717E-001,-4.6928944E-002, 3.0478246E+001
 1.9007751E+001, 1.7905363E+000, 4.9064245E-020, 1.9037993E-001, 7.2777807E+001, 2.4833777E-001, 0.0000000E+000,-1.4204949E-001,-4.7236331E-002, 3.0529455E+001
 1.9229253E+001, 1.7909488E+000, 4.9380316E-020, 1.7359419E-001, 6.9213380E+001, 2.3067634E-001, 0.0000000E+000,-1.2918116E-001,-4.7307752E-002, 3.0515867E+001
 1.9450754E+001, 1.7912399E+000, 4.9746871E-020, 1.7073382E-001, 6.9854899E+001, 2.2765921E-001, 0.0000000E+000,-1.3142970E-001,-4.7223523E-002, 3.0514409E+001
 1.9672255E+001, 1.7916414E+000, 5.0010421E-020, 1.9024997E-001, 7.3705068E+001, 2.4860950E-001, 0.0000000E+000,-1.4534925E-001,-4.7585502E-002, 3.0616927E+001
 1.9819923E+001, 1.7920117E+000, 5.0353530E-020, 1.8846909E-001, 7.2024200E+001, 2.4713631E-001, 0.0000000E+000,-1.3916430E-001,-4.8107086E-002, 3.0694741E+001
 2.0041425E+001, 1.7923790E+000, 5.0722058E-020, 1.6945306E-001, 6.9185050E+001, 2.2703578E-001, 0.0000000E+000,-1.2892007E-001,-4.8164169E-002, 3.0673507E+001
 2.0262926E+001, 1.7925832E+000, 5.1013624E-020, 1.7768447E-001, 7.1923234E+001, 2.3586711E-001, 0.0000000E+000,-1.3876436E-001,-4.8245253E-002, 3.0714539E+001
 2.0410594E+001, 1.7933934E+000, 5.1308680E-020, 2.0028419E-001, 7.5496144E+001, 2.6028583E-001, 0.0000000E+000,-1.5183659E-001,-4.8698818E-002, 3.0847073E+001
 2.0632095E+001, 1.7939670E+000, 5.1718555E-020, 1.9725773E-001, 7.4291214E+001, 2.5757531E-001, 0.0000000E+000,-1.4730692E-001,-4.9299436E-002, 3.0938901E+001
 2.0853596E+001, 1.7946171E+000, 5.2149244E-020, 1.8328190E-001, 7.2100653E+001, 2.4305647E-001, 0.0000000E+000,-1.3917671E-001,-4.9503935E-002, 3.0956363E+001
 2.1001264E+001, 1.7950847E+000, 5.2515954E-020, 1.8537596E-001, 7.2961559E+001, 2.4546635E-001, 0.0000000E+000,-1.4227649E-001,-4.9639615E-002, 3.0997625E+001
 2.1222765E+001, 1.7955978E+000, 5.2874297E-020, 1.8558145E-001, 7.2587444E+001, 2.4593351E-001, 0.0000000E+000,-1.4086725E-001,-4.9906101E-002, 3.1049546E+001
 2.1444267E+001, 1.7960816E+000, 5.3243021E-020, 1.6614047E-001, 6.8321343E+001, 2.2534546E-001, 0.0000000E+000,-1.2552159E-001,-4.9921023E-002, 3.1021681E+001
 2.1680535E+001, 1.7961159E+000, 5.3594198E-020, 1.5755968E-001, 6.7719069E+001, 2.1602982E-001, 0.0000000E+000,-1.2340134E-001,-4.9699739E-002, 3.0980112E+001
 2.1832848E+001, 1.7960696E+000, 5.3788696E-020, 1.7549692E-001, 7.2117553E+001, 2.3521908E-001, 0.0000000E+000,-1.3910779E-001,-4.9907689E-002, 3.1048106E+001
 2.2046136E+001, 1.7963918E+000, 5.4067789E-020, 1.9272416E-001, 7.4351908E+001, 2.5389162E-001, 0.0000000E+000,-1.4727685E-001,-5.0466114E-002, 3.1166348E+001
 2.2259424E+001, 1.7968212E+000, 5.4566780E-020, 1.7780551E-001, 7.0932958E+001, 2.3843217E-001, 0.0000000E+000,-1.3476307E-001,-5.0983302E-002, 3.1216826E+001
 2.2401617E+001, 1.7970338E+000, 5.4884896E-020, 1.6254660E-001, 6.8286816E+001, 2.2218546E-001, 0.0000000E+000,-1.2529123E-001,-5.0915929E-002, 3.1185915E+001
 2.2614905E+001, 1.7972514E+000, 5.5123604E-020, 1.6010288E-001, 6.8405259E+001, 2.1957821E-001, 0.0000000E+000,-1.2568895E-001,-5.0784918E-002, 3.1174496E+001
 2.2828193E+001, 1.7976232E+000, 5.5426844E-020, 1.6710845E-001, 6.9604596E+001, 2.2719673E-001, 0.0000000E+000,-1.2989883E-001,-5.0880110E-002, 3.1214145E+001
 2.3041481E+001, 1.7978477E+000, 5.5701741E-020, 1.6169291E-001, 6.8282983E+001, 2.2149694E-001, 0.0000000E+000,-1.2519938E-001,-5.1027464E-002, 3.1226425E+001
 2.3254769E+001, 1.7978708E+000, 5.6030592E-020, 1.6081247E-001, 6.8546098E+001, 2.2059895E-001, 0.0000000E+000,-1.2612549E-001,-5.1137021E-002, 3.1243438E+001
 2.3468057E+001, 1.7980968E+000, 5.6283437E-020, 1.7003217E-001, 7.0633661E+001, 2.3060443E-001, 0.0000000E+000,-1.3353708E-001,-5.1365002E-002, 3.1301028E+001
 2.3610249E+001, 1.7984889E+000, 5.6578246E-020, 1.7567576E-001, 7.1040005E+001, 2.3690440E-001, 0.0000000E+000,-1.3495809E-001,-5.1710617E-002, 3.1370652E+001
 2.3823537E+001, 1.7989133E+000, 5.6915877E-020, 1.6590468E-001, 6.9229213E+001, 2.2670144E-001, 0.0000000E+000,-1.2844385E-001,-5.1869156E-002, 3.1384734E+001
 2.4036825E+001, 1.7993546E+000, 5.7219651E-020, 1.6129361E-001, 6.8876900E+001, 2.2186844E-001, 0.0000000E+000,-1.2714839E-001,-5.1866043E-002, 3.1388869E+001
 2.4250114E+001, 1.7998051E+000, 5.7559230E-020, 1.7082777E-001, 7.0729606E+001, 2.3227798E-001, 0.0000000E+000,-1.3371429E-001,-5.2077331E-002, 3.1451672E+001
 2.4463402E+001, 1.8002866E+000, 5.7872464E-020, 1.7111851E-001, 7.0226792E+001, 2.3283214E-001, 0.0000000E+000,-1.3186543E-001,-5.2361905E-002, 3.1500973E+001
 2.4605594E+001, 1.8005593E+000, 5.8207819E-020, 1.6150638E-001, 6.8848386E+001, 2.2267896E-001, 0.0000000E+000,-1.2692860E-001,-5.2480211E-002, 3.1505849E+001
 2.4818882E+001, 1.8008894E+000, 5.8497415E-020, 1.6528301E-001, 6.9713739E+001, 2.2682317E-001, 0.0000000E+000,-1.2997321E-001,-5.2561232E-002, 3.1535476E+001
 2.5032170E+001, 1.8013741E+000, 5.8788410E-020, 1.7573243E-001, 7.1906021E+001, 2.3826113E-001, 0.0000000E+000,-1.3781177E-001,-5.2817896E-002, 3.1606579E+001
 2.5245458E+001, 1.8020690E+000, 5.9228893E-020, 1.7267985E-001, 7.0770211E+001, 2.3537578E-001, 0.0000000E+000,-1.3364507E-001,-5.3181379E-002, 3.1666459E+001
 2.5458746E+001, 1.8024180E+000, 5.9586141E-020, 1.6344245E-001, 6.9180338E+001, 2.2561648E-001, 0.0000000E+000,-1.2792407E-001,-5.3245185E-002, 3.1666979E+001
 2.5600938E+001, 1.8028260E+000, 5.9888283E-020, 1.6768062E-001, 7.0628407E+001, 2.3025004E-001, 0.0000000E+000,-1.3305625E-001,-5.3313392E-002, 3.1697152E+001
 2.5814226E+001, 1.8032087E+000, 6.0201643E-020, 1.7649608E-001, 7.1945815E+001, 2.3993274E-001, 0.0000000E+000,-1.3777627E-001,-5.3626518E-002, 3.1768814E+001
 2.6027515E+001, 1.8037208E+000, 6.0568481E-020, 1.6974764E-001, 7.0128393E+001, 2.3295556E-001, 0.0000000E+000,-1.3118363E-001,-5.3853739E-002, 3.1797542E+001
 2.6240803E+001, 1.8040540E+000, 6.0996643E-020, 1.6306558E-001, 6.9542296E+001, 2.2592445E-001, 0.0000000E+000,-1.2905284E-001,-5.3903206E-002, 3.1803766E+001
 2.6454091E+001, 1.8044606E+000, 6.1294735E-020, 1.7645536E-001, 7.2744048E+001, 2.4041631E-001, 0.0000000E+000,-1.4058152E-001,-5.4118424E-002, 3.1872925E+001
 2.6667379E+001, 1.8050878E+000, 6.1763819E-020, 1.8850553E-001, 7.4207333E+001, 2.5376324E-001, 0.0000000E+000,-1.4589375E-001,-5.4739680E-002, 3.1997667E+001
 2.6809571E+001, 1.8056499E+000, 6.2167251E-020, 1.8208017E-001, 7.2805510E+001, 2.4721100E-001, 0.0000000E+000,-1.4067452E-001,-5.5036249E-002, 3.2038336E+001
 2.7022859E+001, 1.8061706E+000, 6.2555089E-020, 1.7671908E-001, 7.2131870E+001, 2.4168253E-001, 0.0000000E+000,-1.3816396E-001,-5.5159303E-002, 3.2059540E+001
 2.7236147E+001, 1.8067694E+000, 6.3048850E-020, 1.7540181E-001, 7.2020110E+001, 2.4051711E-001, 0.0000000E+000,-1.3769905E-001,-5.5297123E-002, 3.2095976E+001
 2.7449435E+001, 1.8073028E+000, 6.3429892E-020, 1.7034890E-001, 7.0749217E+001, 2.3529009E-001, 0.0000000E+000,-1.3305552E-001,-5.5384213E-002, 3.2111023E+001
 2.7662723E+001, 1.8075663E+000, 6.3868615E-020, 1.6326363E-001, 6.9806334E+001, 2.2773064E-001, 0.0000000E+000,-1.2964891E-001,-5.5407344E-002, 3.2108339E+001
 2.7804915E+001, 1.8076746E+000, 6.4139030E-020, 1.7224209E-001, 7.2000660E+001, 2.3742386E-001, 0.0000000E+000,-1.3755166E-001,-5.5561837E-002, 3.2151806E+001
 2.8018204E+001, 1.8080035E+000, 6.4439774E-020, 1.9066652E-001, 7.5698347E+001, 2.5739880E-001, 0.0000000E+000,-1.5117818E-001,-5.5986914E-002, 3.2257074E+001
 2.8231492E+001, 1.8087028E+000, 6.5039866E-020, 1.8914096E-001, 7.4362220E+001, 2.5631836E-001, 0.0000000E+000,-1.4613218E-001,-5.6641941E-002, 3.2359421E+001
 2.8444780E+001, 1.8092218E+000, 6.5550599E-020, 1.7350278E-001, 7.1484268E+001, 2.3980354E-001, 0.0000000E+000,-1.3551762E-001,-5.6723766E-002, 3.2355286E+001
 2.8658068E+001, 1.8096496E+000, 6.6044538E-020, 1.7225955E-001, 7.1947055E+001, 2.3858864E-001, 0.0000000E+000,-1.3715701E-001,-5.6713389E-002, 3.2369350E+001
 2.8800260E+001, 1.8101992E+000, 6.6362725E-020, 1.7489210E-001, 7.2225865E+001, 2.4157260E-001, 0.0000000E+000,-1.3811512E-001,-5.6829992E-002, 3.2402670E+001
 2.9013548E+001, 1.8103803E+000, 6.6703974E-020, 1.6873228E-001, 7.0867687E+001, 2.3505091E-001, 0.0000000E+000,-1.3317831E-001,-5.6950525E-002, 3.2410041E+001
 2.9226836E+001, 1.8104133E+000, 6.7154826E-020, 1.7040137E-001, 7.1631292E+001, 2.3691057E-001, 0.0000000E+000,-1.3594160E-001,-5.7095680E-002, 3.2438316E+001
 2.9440124E+001, 1.8106261E+000, 6.7514547E-020, 1.8490471E-001, 7.4710126E+001, 2.5266248E-001, 0.0000000E+000,-1.4722341E-001,-5.7464240E-002, 3.2525119E+001
 2.9653412E+001, 1.8110405E+000, 6.8091621E-020, 1.7898964E-001, 7.2645708E+001, 2.4669937E-001, 0.0000000E+000,-1.3959701E-001,-5.7929997E-002, 3.2587003E+001
 2.9866701E+001, 1.8113155E+000, 6.8548750E-020, 1.5928891E-001, 6.9134991E+001, 2.2557126E-001, 0.0000000E+000,-1.2689579E-001,-5.7831658E-002, 3.2543649E+001
 3.0008893E+001, 1.8114664E+000, 6.8865557E-020, 1.6102902E-001, 7.0481515E+001, 2.2738946E-001, 0.0000000E+000,-1.3168978E-001,-5.7682398E-002, 3.2537287E+001
 3.0222181E+001, 1.8116870E+000, 6.9162002E-020, 1.7616099E-001, 7.2906763E+001, 2.4384624E-001, 0.0000000E+000,-1.4045745E-001,-5.7963253E-002, 3.2612737E+001
 3.0435469E+001, 1.8119608E+000, 6.9561148E-020, 1.6757736E-001, 7.0312824E+001, 2.3481824E-001, 0.0000000E+000,-1.3105228E-001,-5.8219429E-002, 3.2633847E+001
 3.0648757E+001, 1.8119632E+000, 7.0020440E-020, 1.5313462E-001, 6.8504501E+001, 2.1920951E-001, 0.0000000E+000,-1.2460449E-001,-5.8112045E-002, 3.2594621E+001
 3.0862045E+001, 1.8120579E+000, 7.0278578E-020, 1.6658637E-001, 7.1837259E+001, 2.3371390E-001, 0.0000000E+000,-1.3654459E-001,-5.8186105E-002, 3.2638295E+001
 3.1004237E+001, 1.8122878E+000, 7.0595866E-020, 1.8420701E-001, 7.4438256E+001, 2.5294792E-001, 0.0000000E+000,-1.4604754E-001,-5.8641897E-002, 3.2743363E+001
 3.1217525E+001, 1.8128851E+000, 7.1067472E-020, 1.7605949E-001, 7.2436132E+001, 2.4452620E-001, 0.0000000E+000,-1.3863102E-001,-5.8983462E-002, 3.2785391E+001
 3.1430813E+001, 1.8131796E+000, 7.1525890E-020, 1.6566497E-001, 7.0774396E+001, 2.3348649E-001, 0.0000000E+000,-1.3256911E-001,-5.9041232E-002, 3.2782641E+001
 3.1644102E+001, 1.8135670E+000, 7.1980235E-020, 1.6406472E-001, 7.0728843E+001, 2.3187242E-001, 0.0000000E+000,-1.3236722E-001,-5.9041814E-002, 3.2793550E+001
 3.1857390E+001, 1.8139745E+000, 7.2320429E-020, 1.6045795E-001, 6.9616272E+001, 2.2806792E-001, 0.0000000E+000,-1.2835235E-001,-5.9061388E-002, 3.2798569E+001
 3.2070678E+001, 1.8141146E+000, 7.2711605E-020, 1.4850954E-001, 6.7549151E+001, 2.1511808E-001, 0.0000000E+000,-1.2103974E-001,-5.8955407E-002, 3.2762539E+001
 3.2227089E+001, 1.8139383E+000, 7.2919660E-020, 1.5108477E-001, 6.8417232E+001, 2.1779496E-001, 0.0000000E+000,-1.2411168E-001,-5.8923570E-002, 3.2761234E+001
 3.2461706E+001, 1.8141209E+000, 7.3132621E-020, 1.7122437E-001, 7.3227819E+001, 2.3965649E-001, 0.0000000E+000,-1.4142631E-001,-5.9161491E-002, 3.2843183E+001
 3.2618117E+001, 1.8144881E+000, 7.3526902E-020, 1.8860441E-001, 7.4864788E+001, 2.5875275E-001, 0.0000000E+000,-1.4742291E-001,-5.9836228E-002, 3.2979093E+001
 3.2826924E+001, 1.8148844E+000, 7.4107872E-020, 1.6957915E-001, 7.1426227E+001, 2.3863110E-001, 0.0000000E+000,-1.3477779E-001,-6.0134070E-002, 3.2987863E+001
 3.3035731E+001, 1.8152351E+000, 7.4559646E-020, 1.5354873E-001, 6.8514521E+001, 2.2136298E-001, 0.0000000E+000,-1.2431943E-001,-5.9963457E-002, 3.2944684E+001
 3.3244539E+001, 1.8155906E+000, 7.4904984E-020, 1.5260547E-001, 6.8754539E+001, 2.2029885E-001, 0.0000000E+000,-1.2513217E-001,-5.9753129E-002, 3.2926369E+001
 3.3453346E+001, 1.8158628E+000, 7.5152083E-020, 1.5309423E-001, 6.8669186E+001, 2.2085223E-001, 0.0000000E+000,-1.2480435E-001,-5.9751235E-002, 3.2931216E+001
 3.3662153E+001, 1.8158177E+000, 7.5478462E-020, 1.5096998E-001, 6.8380545E+001, 2.1854415E-001, 0.0000000E+000,-1.2379077E-001,-5.9804853E-002, 3.2932655E+001
 3.3815278E+001, 1.8157293E+000, 7.5699631E-020, 1.5764331E-001, 7.0013160E+001, 2.2577511E-001, 0.0000000E+000,-1.2959652E-001,-5.9946884E-002, 3.2964390E+001
 3.4044966E+001, 1.8158630E+000, 7.5968077E-020, 1.7289058E-001, 7.3267481E+001, 2.4240585E-001, 0.0000000E+000,-1.4138536E-001,-6.0282530E-002, 3.3047902E+001
 3.4274654E+001, 1.8164977E+000, 7.6550661E-020, 1.7532490E-001, 7.2774489E+001, 2.4553252E-001, 0.0000000E+000,-1.3951516E-001,-6.0846202E-002, 3.3144432E+001
 3.4427779E+001, 1.8170451E+000, 7.7014984E-020, 1.6241985E-001, 7.0089807E+001, 2.3180973E-001, 0.0000000E+000,-1.2973809E-001,-6.0916784E-002, 3.3140107E+001
 3.4633819E+001, 1.8173539E+000, 7.7390884E-020, 1.5746416E-001, 6.9830855E+001, 2.2650800E-001, 0.0000000E+000,-1.2878185E-001,-6.0834157E-002, 3.3130678E+001
 3.4839860E+001, 1.8177738E+000, 7.7787059E-020, 1.5874124E-001, 7.0062933E+001, 2.2797667E-001, 0.0000000E+000,-1.2956971E-001,-6.0824031E-002, 3.3144329E+001
 3.5045900E+001, 1.8180402E+000, 7.8101314E-020, 1.5609194E-001, 6.9412630E+001, 2.2515495E-001, 0.0000000E+000,-1.2722622E-001,-6.0875286E-002, 3.3150555E+001
 3.5265677E+001, 1.8180874E+000, 7.8481347E-020, 1.5736186E-001, 7.0001505E+001, 2.2655364E-001, 0.0000000E+000,-1.2932436E-001,-6.0971806E-002, 3.3168532E+001
 3.5416773E+001, 1.8182641E+000, 7.8756689E-020, 1.6979707E-001, 7.2836147E+001, 2.4014621E-001, 0.0000000E+000,-1.3956600E-001,-6.1211107E-002, 3.3233174E+001
 3.5643417E+001, 1.8186750E+000, 7.9129404E-020, 1.8170356E-001, 7.4590923E+001, 2.5328530E-001, 0.0000000E+000,-1.4599288E-001,-6.1641378E-002, 3.3326821E+001
 3.5870062E+001, 1.8193216E+000, 7.9834057E-020, 1.7154034E-001, 7.2341156E+001, 2.4275551E-001, 0.0000000E+000,-1.3765122E-001,-6.2037197E-002, 3.3376180E+001
 3.6021158E+001, 1.8197139E+000, 8.0293012E-020, 1.6521053E-001, 7.1322934E+001, 2.3607639E-001, 0.0000000E+000,-1.3390978E-001,-6.2047921E-002, 3.3377955E+001
 3.6222108E+001, 1.8201675E+000, 8.0675609E-020, 1.6744593E-001, 7.2060541E+001, 2.3858992E-001, 0.0000000E+000,-1.3654075E-001,-6.2079569E-002, 3.3398855E+001
 3.6423058E+001, 1.8207066E+000, 8.1170006E-020, 1.6520072E-001, 7.1380994E+001, 2.3632834E-001, 0.0000000E+000,-1.3402572E-001,-6.2209228E-002, 3.3422655E+001
 3.6624008E+001, 1.8208936E+000, 8.1553618E-020, 1.5900461E-001, 7.0288030E+001, 2.2965176E-001, 0.0000000E+000,-1.3007122E-001,-6.2239924E-002, 3.3417698E+001
 3.6831656E+001, 1.8209066E+000, 8.1972678E-020, 1.6716834E-001, 7.2329254E+001, 2.3851715E-001, 0.0000000E+000,-1.3747511E-001,-6.2384788E-002, 3.3457962E+001
 3.7052701E+001, 1.8212731E+000, 8.2354788E-020, 1.8788297E-001, 7.6400035E+001, 2.6114487E-001, 0.0000000E+000,-1.5252221E-001,-6.2858014E-002, 3.3575823E+001
 3.7200065E+001, 1.8218788E+000, 8.2951986E-020, 1.8655348E-001, 7.4878106E+001, 2.6019036E-001, 0.0000000E+000,-1.4675963E-001,-6.3409107E-002, 3.3659410E+001
 3.7421110E+001, 1.8221722E+000, 8.3604180E-020, 1.6863618E-001, 7.2192884E+001, 2.4102735E-001, 0.0000000E+000,-1.3682937E-001,-6.3474612E-002, 3.3642974E+001
 3.7642154E+001, 1.8226250E+000, 8.4095509E-020, 1.6480790E-001, 7.1680781E+001, 2.3696473E-001, 0.0000000E+000,-1.3492144E-001,-6.3378220E-002, 3.3636972E+001
 3.7863199E+001, 1.8230294E+000, 8.4607449E-020, 1.6147025E-001, 7.0930683E+001, 2.3342983E-001, 0.0000000E+000,-1.3217537E-001,-6.3352310E-002, 3.3638439E+001
 3.8010563E+001, 1.8231370E+000, 8.4945551E-020, 1.5285440E-001, 6.9022752E+001, 2.2403910E-001, 0.0000000E+000,-1.2534730E-001,-6.3289905E-002, 3.3613932E+001
 3.8231608E+001, 1.8230145E+000, 8.5223781E-020, 1.4810100E-001, 6.8760971E+001, 2.1875865E-001, 0.0000000E+000,-1.2443500E-001,-6.3188357E-002, 3.3588034E+001
 3.8474757E+001, 1.8228972E+000, 8.5563065E-020, 1.7277909E-001, 7.3968831E+001, 2.4557456E-001, 0.0000000E+000,-1.4332215E-001,-6.3477483E-002, 3.3680613E+001
 3.8615867E+001, 1.8230798E+000, 8.5978959E-020, 1.9004351E-001, 7.6949057E+001, 2.6452225E-001, 0.0000000E+000,-1.5442019E-001,-6.4103552E-002, 3.3804781E+001
 3.8827531E+001, 1.8236503E+000, 8.6563506E-020, 1.8190696E-001, 7.4227782E+001, 2.5615254E-001, 0.0000000E+000,-1.4418449E-001,-6.4516170E-002, 3.3853916E+001
 3.9039195E+001, 1.8240833E+000, 8.7316198E-020, 1.6045881E-001, 7.0925391E+001, 2.3314664E-001, 0.0000000E+000,-1.3205203E-001,-6.4460100E-002, 3.3819993E+001
 3.9250859E+001, 1.8244959E+000, 8.7707796E-020, 1.5548200E-001, 6.9997854E+001, 2.2773575E-001, 0.0000000E+000,-1.2868229E-001,-6.4245782E-002, 3.3794855E+001
 3.9462523E+001, 1.8248462E+000, 8.8091056E-020, 1.5077475E-001, 6.9097494E+001, 2.2260389E-001, 0.0000000E+000,-1.2544548E-001,-6.4072499E-002, 3.3770769E+001
 3.9603633E+001, 1.8246843E+000, 8.8327774E-020, 1.4657575E-001, 6.8238658E+001, 2.1789680E-001, 0.0000000E+000,-1.2242653E-001,-6.4031354E-002, 3.3749575E+001
 3.9822353E+001, 1.8244272E+000, 8.8533456E-020, 1.4910571E-001, 6.9570094E+001, 2.2058726E-001, 0.0000000E+000,-1.2718017E-001,-6.4024933E-002, 3.3749713E+001
 4.0055183E+001, 1.8244180E+000, 8.8879056E-020, 1.7696959E-001, 7.4729640E+001, 2.5099283E-001, 0.0000000E+000,-1.4596974E-001,-6.4507502E-002, 3.3876537E+001
 4.0210404E+001, 1.8247763E+000, 8.9349323E-020, 1.8268119E-001, 7.5210648E+001, 2.5751939E-001, 0.0000000E+000,-1.4771320E-001,-6.5058927E-002, 3.3969960E+001
 4.0443234E+001, 1.8252094E+000, 8.9948831E-020, 1.6603676E-001, 7.1285033E+001, 2.3980034E-001, 0.0000000E+000,-1.3325788E-001,-6.5254444E-002, 3.3971867E+001
 4.0652426E+001, 1.8255927E+000, 9.0591416E-020, 1.5251397E-001, 6.9679523E+001, 2.2514341E-001, 0.0000000E+000,-1.2743937E-001,-6.5022354E-002, 3.3928712E+001
 4.0861617E+001, 1.8259397E+000, 9.0893880E-020, 1.5244836E-001, 6.9675398E+001, 2.2506484E-001, 0.0000000E+000,-1.2739088E-001,-6.4890753E-002, 3.3919416E+001
 4.1001079E+001, 1.8261521E+000, 9.1175011E-020, 1.5026726E-001, 6.9127286E+001, 2.2270653E-001, 0.0000000E+000,-1.2542229E-001,-6.4843350E-002, 3.3912530E+001
 4.1217243E+001, 1.8260669E+000, 9.1451976E-020, 1.4995890E-001, 6.9289941E+001, 2.2231355E-001, 0.0000000E+000,-1.2600911E-001,-6.4867499E-002, 3.3911388E+001
 4.1447354E+001, 1.8258400E+000, 9.1721938E-020, 1.6349167E-001, 7.2670372E+001, 2.3703729E-001, 0.0000000E+000,-1.3824290E-001,-6.5108068E-002, 3.3968037E+001
 4.1600761E+001, 1.8261902E+000, 9.2124024E-020, 1.8167669E-001, 7.5215177E+001, 2.5704576E-001, 0.0000000E+000,-1.4758678E-001,-6.5616128E-002, 3.4083868E+001
 4.1830872E+001, 1.8265109E+000, 9.2757849E-020, 1.6769939E-001, 7.2101892E+001, 2.4220063E-001, 0.0000000E+000,-1.3610527E-001,-6.5952288E-002, 3.4106632E+001
 4.2052217E+001, 1.8268656E+000, 9.3313666E-020, 1.5198484E-001, 6.9528702E+001, 2.2519261E-001, 0.0000000E+000,-1.2677858E-001,-6.5800337E-002, 3.4065642E+001
 4.2256032E+001, 1.8271613E+000, 9.3740520E-020, 1.5625558E-001, 7.0780613E+001, 2.2984607E-001, 0.0000000E+000,-1.3123094E-001,-6.5682352E-002, 3.4070439E+001
 4.2459848E+001, 1.8274500E+000, 9.4054063E-020, 1.5727247E-001, 7.0540241E+001, 2.3104065E-001, 0.0000000E+000,-1.3033909E-001,-6.5771788E-002, 3.4089165E+001
 4.2609312E+001, 1.8274828E+000, 9.4406314E-020, 1.5047319E-001, 6.9373837E+001, 2.2366531E-001, 0.0000000E+000,-1.2616763E-001,-6.5800000E-002, 3.4079707E+001
 4.2833509E+001, 1.8274223E+000, 9.4717880E-020, 1.5399324E-001, 7.0353831E+001, 2.2747878E-001, 0.0000000E+000,-1.2968171E-001,-6.5835884E-002, 3.4092551E+001
 4.3057706E+001, 1.8275974E+000, 9.5053040E-020, 1.7289303E-001, 7.4630589E+001, 2.4817546E-001, 0.0000000E+000,-1.4528458E-001,-6.6157134E-002, 3.4181714E+001
 4.3207170E+001, 1.8279361E+000, 9.5566892E-020, 1.8148136E-001, 7.4796133E+001, 2.5784182E-001, 0.0000000E+000,-1.4585930E-001,-6.6708085E-002, 3.4281903E+001
 4.3431367E+001, 1.8285066E+000, 9.6235469E-020, 1.6401584E-001, 7.1966438E+001, 2.3919599E-001, 0.0000000E+000,-1.3538887E-001,-6.6821215E-002, 3.4274930E+001
 4.3655564E+001, 1.8288890E+000, 9.6757427E-020, 1.5910408E-001, 7.1246111E+001, 2.3391388E-001, 0.0000000E+000,-1.3273798E-001,-6.6739809E-002, 3.4267157E+001
 4.3805028E+001, 1.8292591E+000, 9.7170597E-020, 1.5919569E-001, 7.1253349E+001, 2.3408153E-001, 0.0000000E+000,-1.3272813E-001,-6.6712667E-002, 3.4274073E+001
 4.4029225E+001, 1.8294351E+000, 9.7569212E-020, 1.5272544E-001, 6.9844045E+001, 2.2706821E-001, 0.0000000E+000,-1.2765795E-001,-6.6694584E-002, 3.4261992E+001
 4.4253422E+001, 1.8294140E+000, 9.7915128E-020, 1.4425944E-001, 6.8373423E+001, 2.1770355E-001, 0.0000000E+000,-1.2244012E-001,-6.6576885E-002, 3.4227115E+001
 4.4417833E+001, 1.8293172E+000, 9.8161646E-020, 1.5019423E-001, 7.0645945E+001, 2.2412326E-001, 0.0000000E+000,-1.3055163E-001,-6.6521748E-002, 3.4232526E+001
 4.4630383E+001, 1.8294262E+000, 9.8480528E-020, 1.7481970E-001, 7.4737459E+001, 2.5108988E-001, 0.0000000E+000,-1.4550012E-001,-6.6981159E-002, 3.4348556E+001
 4.4842934E+001, 1.8298610E+000, 9.9033224E-020, 1.7462238E-001, 7.3775973E+001, 2.5123721E-001, 0.0000000E+000,-1.4189541E-001,-6.7479254E-002, 3.4420709E+001
 4.5055484E+001, 1.8302518E+000, 9.9780757E-020, 1.5885892E-001, 7.1288994E+001, 2.3433138E-001, 0.0000000E+000,-1.3276123E-001,-6.7547554E-002, 3.4411882E+001
 4.5268034E+001, 1.8306585E+000, 1.0020762E-019, 1.5552062E-001, 7.0688589E+001, 2.3075771E-001, 0.0000000E+000,-1.3055669E-001,-6.7437500E-002, 3.4402751E+001
 4.5409735E+001, 1.8309663E+000, 1.0056515E-019, 1.5398632E-001, 7.0297898E+001, 2.2913319E-001, 0.0000000E+000,-1.2912524E-001,-6.7377319E-002, 3.4400037E+001
 4.5622285E+001, 1.8312162E+000, 1.0089467E-019, 1.4685903E-001, 6.8914434E+001, 2.2132599E-001, 0.0000000E+000,-1.2417780E-001,-6.7280918E-002, 3.4376671E+001
 4.5849006E+001, 1.8309477E+000, 1.0116558E-019, 1.4357079E-001, 6.8822899E+001, 2.1759948E-001, 0.0000000E+000,-1.2388347E-001,-6.7211735E-002, 3.4353659E+001
 4.6004876E+001, 1.8308360E+000, 1.0138268E-019, 1.6147690E-001, 7.2971020E+001, 2.3712037E-001, 0.0000000E+000,-1.3884458E-001,-6.7363241E-002, 3.4411603E+001
 4.6238681E+001, 1.8310834E+000, 1.0182423E-019, 1.8191214E-001, 7.6053688E+001, 2.5964767E-001, 0.0000000E+000,-1.5025787E-001,-6.8012410E-002, 3.4547595E+001
 4.6456328E+001, 1.8315122E+000, 1.0253612E-019, 1.7201701E-001, 7.3133251E+001, 2.4930400E-001, 0.0000000E+000,-1.3937245E-001,-6.8453715E-002, 3.4593683E+001
 4.6665894E+001, 1.8319230E+000, 1.0333330E-019, 1.5656884E-001, 7.1042686E+001, 2.3264090E-001, 0.0000000E+000,-1.3170859E-001,-6.8378370E-002, 3.4567387E+001
 4.6805605E+001, 1.8322587E+000, 1.0367824E-019, 1.5743841E-001, 7.1477463E+001, 2.3362421E-001, 0.0000000E+000,-1.3324678E-001,-6.8283781E-002, 3.4567799E+001
 4.7015172E+001, 1.8325532E+000, 1.0399979E-019, 1.5743299E-001, 7.1107014E+001, 2.3368362E-001, 0.0000000E+000,-1.3188306E-001,-6.8289708E-002, 3.4575343E+001
 4.7224739E+001, 1.8326599E+000, 1.0446601E-019, 1.4881583E-001, 6.9561436E+001, 2.2424936E-001, 0.0000000E+000,-1.2633054E-001,-6.8241943E-002, 3.4553008E+001
 4.7455262E+001, 1.8325189E+000, 1.0475964E-019, 1.5269196E-001, 7.1167906E+001, 2.2842995E-001, 0.0000000E+000,-1.3212370E-001,-6.8254887E-002, 3.4560361E+001
 4.7608944E+001, 1.8324428E+000, 1.0508282E-019, 1.7346701E-001, 7.4808571E+001, 2.5118180E-001, 0.0000000E+000,-1.4546385E-001,-6.8591867E-002, 3.4651065E+001
 4.7839468E+001, 1.8328677E+000, 1.0566902E-019, 1.7192212E-001, 7.3706576E+001, 2.4983284E-001, 0.0000000E+000,-1.4136018E-001,-6.9028700E-002, 3.4714574E+001
 4.8069991E+001, 1.8331509E+000, 1.0632522E-019, 1.5202316E-001, 6.9947299E+001, 2.2825775E-001, 0.0000000E+000,-1.2765965E-001,-6.9011108E-002, 3.4677901E+001
 4.8223673E+001, 1.8333314E+000, 1.0674866E-019, 1.5097553E-001, 7.0525216E+001, 2.2709063E-001, 0.0000000E+000,-1.2971113E-001,-6.8808300E-002, 3.4658588E+001
 4.8454196E+001, 1.8335312E+000, 1.0707091E-019, 1.5666354E-001, 7.1256674E+001, 2.3334678E-001, 0.0000000E+000,-1.3232499E-001,-6.8874473E-002, 3.4684881E+001
 4.8607879E+001, 1.8336963E+000, 1.0742150E-019, 1.4937779E-001, 6.9494235E+001, 2.2542717E-001, 0.0000000E+000,-1.2599414E-001,-6.8895806E-002, 3.4674046E+001
 4.8838402E+001, 1.8336746E+000, 1.0773486E-019, 1.4302507E-001, 6.8699646E+001, 2.1840657E-001, 0.0000000E+000,-1.2317767E-001,-6.8796366E-002, 3.4647208E+001
 4.9068925E+001, 1.8335900E+000, 1.0805892E-019, 1.6023115E-001, 7.2619797E+001, 2.3721620E-001, 0.0000000E+000,-1.3730838E-001,-6.8939722E-002, 3.4703466E+001
 4.9222607E+001, 1.8337687E+000, 1.0841930E-019, 1.7456993E-001, 7.5196363E+001, 2.5306976E-001, 0.0000000E+000,-1.4677879E-001,-6.9394192E-002, 3.4797858E+001
 4.9427955E+001, 1.8342065E+000, 1.0898797E-019, 1.6672779E-001, 7.2480012E+001, 2.4482763E-001, 0.0000000E+000,-1.3671740E-001,-6.9692397E-002, 3.4828370E+001
 4.9633303E+001, 1.8344830E+000, 1.0967672E-019, 1.5038032E-001, 7.0202910E+001, 2.2706548E-001, 0.0000000E+000,-1.2844190E-001,-6.9594604E-002, 3.4792131E+001
 4.9838651E+001, 1.8347843E+000, 1.1000508E-019, 1.5014518E-001, 7.0129699E+001, 2.2680530E-001, 0.0000000E+000,-1.2815058E-001,-6.9453825E-002, 3.4782072E+001
 5.0043999E+001, 1.8351144E+000, 1.1036681E-019, 1.4592679E-001, 6.9192796E+001, 2.2217690E-001, 0.0000000E+000,-1.2478426E-001,-6.9338971E-002, 3.4765789E+001
 5.0249347E+001, 1.8349740E+000, 1.1062190E-019, 1.3837636E-001, 6.7645708E+001, 2.1376583E-001, 0.0000000E+000,-1.1934377E-001,-6.9233307E-002, 3.4731124E+001
 5.0475230E+001, 1.8346519E+000, 1.1082807E-019, 1.4373631E-001, 6.9277469E+001, 2.1948549E-001, 0.0000000E+000,-1.2515586E-001,-6.9174874E-002, 3.4727771E+001
 5.0633348E+001, 1.8347043E+000, 1.1101510E-019, 1.6703909E-001, 7.4430768E+001, 2.4510870E-001, 0.0000000E+000,-1.4384880E-001,-6.9498401E-002, 3.4824984E+001
 5.0881819E+001, 1.8350897E+000, 1.1144460E-019, 1.7734550E-001, 7.4993626E+001, 2.5669175E-001, 0.0000000E+000,-1.4591428E-001,-7.0055473E-002, 3.4928738E+001
 5.1025843E+001, 1.8354600E+000, 1.1224775E-019, 1.5708941E-001, 7.0585117E+001, 2.3493620E-001, 0.0000000E+000,-1.2973500E-001,-7.0348748E-002, 3.4930926E+001
 5.1241880E+001, 1.8356863E+000, 1.1276997E-019, 1.3318535E-001, 6.6602749E+001, 2.0858716E-001, 0.0000000E+000,-1.1564619E-001,-6.9890051E-002, 3.4831571E+001
 5.1457916E+001, 1.8358561E+000, 1.1291199E-019, 1.3424664E-001, 6.7609509E+001, 2.0957809E-001, 0.0000000E+000,-1.1913448E-001,-6.9462604E-002, 3.4785146E+001
 5.1601940E+001, 1.8360009E+000, 1.1297512E-019, 1.4157425E-001, 6.8643586E+001, 2.1762941E-001, 0.0000000E+000,-1.2275084E-001,-6.9382894E-002, 3.4790972E+001
 5.1817976E+001, 1.8360165E+000, 1.1317058E-019, 1.4487128E-001, 6.9287775E+001, 2.2123549E-001, 0.0000000E+000,-1.2503167E-001,-6.9502299E-002, 3.4808796E+001
 5.2034013E+001, 1.8356809E+000, 1.1343051E-019, 1.5480168E-001, 7.1930443E+001, 2.3211660E-001, 0.0000000E+000,-1.3457847E-001,-6.9774644E-002, 3.4858423E+001
 5.2271653E+001, 1.8359919E+000, 1.1395999E-019, 1.7785321E-001, 7.5854365E+001, 2.5763128E-001, 0.0000000E+000,-1.4903274E-001,-7.0422646E-002, 3.5003699E+001
 5.2430079E+001, 1.8367692E+000, 1.1460656E-019, 1.7453062E-001, 7.4449168E+001, 2.5445773E-001, 0.0000000E+000,-1.4371327E-001,-7.0812471E-002, 3.5067490E+001
 5.2658659E+001, 1.8370913E+000, 1.1531321E-019, 1.5654755E-001, 7.1042644E+001, 2.3502029E-001, 0.0000000E+000,-1.3121474E-001,-7.0863037E-002, 3.5045308E+001
 5.2869119E+001, 1.8374966E+000, 1.1596261E-019, 1.4900940E-001, 7.0191903E+001, 2.2676935E-001, 0.0000000E+000,-1.2810890E-001,-7.0599500E-002, 3.5008991E+001
 5.3009425E+001, 1.8377353E+000, 1.1622772E-019, 1.5046757E-001, 7.0591097E+001, 2.2834855E-001, 0.0000000E+000,-1.2951665E-001,-7.0545205E-002, 3.5008221E+001
 5.3219885E+001, 1.8378124E+000, 1.1650573E-019, 1.5080433E-001, 7.0533107E+001, 2.2871452E-001, 0.0000000E+000,-1.2930094E-001,-7.0577152E-002, 3.5012818E+001
 5.3430344E+001, 1.8376923E+000, 1.1693047E-019, 1.5391398E-001, 7.1261983E+001, 2.3212630E-001, 0.0000000E+000,-1.3193936E-001,-7.0710346E-002, 3.5034255E+001
 5.3640804E+001, 1.8377009E+000, 1.1730717E-019, 1.6106380E-001, 7.2845670E+001, 2.4002706E-001, 0.0000000E+000,-1.3770004E-001,-7.0930748E-002, 3.5078892E+001
 5.3851263E+001, 1.8379795E+000, 1.1790923E-019, 1.6267555E-001, 7.2719081E+001, 2.4200645E-001, 0.0000000E+000,-1.3721146E-001,-7.1219851E-002, 3.5128536E+001
 5.4061723E+001, 1.8382979E+000, 1.1843316E-019, 1.4720318E-001, 6.9179561E+001, 2.2515492E-001, 0.0000000E+000,-1.2444129E-001,-7.1170849E-002, 3.5098080E+001
 5.4202029E+001, 1.8383909E+000, 1.1879396E-019, 1.3893076E-001, 6.8722413E+001, 2.1598052E-001, 0.0000000E+000,-1.2279850E-001,-7.0894002E-002, 3.5051292E+001
 5.4412489E+001, 1.8384733E+000, 1.1897761E-019, 1.4813295E-001, 7.0235743E+001, 2.2607889E-001, 0.0000000E+000,-1.2817184E-001,-7.0866896E-002, 3.5068857E+001
 5.4622948E+001, 1.8385146E+000, 1.1924911E-019, 1.4908077E-001, 7.0025735E+001, 2.2715539E-001, 0.0000000E+000,-1.2741801E-001,-7.0979453E-002, 3.5084072E+001
 5.4833408E+001, 1.8384390E+000, 1.1964487E-019, 1.4272701E-001, 6.9099228E+001, 2.2012788E-001, 0.0000000E+000,-1.2412566E-001,-7.0989122E-002, 3.5069733E+001
 5.5043867E+001, 1.8383404E+000, 1.1989513E-019, 1.5537268E-001, 7.2523550E+001, 2.3401698E-001, 0.0000000E+000,-1.3650214E-001,-7.1099907E-002, 3.5112424E+001
 5.5254327E+001, 1.8389029E+000, 1.2041832E-019, 1.8342224E-001, 7.7169032E+001, 2.6502700E-001, 0.0000000E+000,-1.5372017E-001,-7.1760899E-002, 3.5272010E+001
 5.5464786E+001, 1.8397524E+000, 1.2120972E-019, 1.7967988E-001, 7.5411251E+001, 2.6148774E-001, 0.0000000E+000,-1.4702296E-001,-7.2264566E-002, 3.5349248E+001
 5.5605093E+001, 1.8403211E+000, 1.2206534E-019, 1.5953751E-001, 7.2183928E+001, 2.3975139E-001, 0.0000000E+000,-1.3502688E-001,-7.2301476E-002, 3.5328517E+001
 5.5815552E+001, 1.8405657E+000, 1.2260846E-019, 1.5221671E-001, 7.1008581E+001, 2.3169956E-001, 0.0000000E+000,-1.3074390E-001,-7.2078762E-002, 3.5296218E+001
 5.6026012E+001, 1.8408804E+000, 1.2298134E-019, 1.4794742E-001, 7.0001181E+001, 2.2699384E-001, 0.0000000E+000,-1.2709926E-001,-7.1896733E-002, 3.5270069E+001
 5.6236471E+001, 1.8408292E+000, 1.2334241E-019, 1.3805207E-001, 6.8102472E+001, 2.1592065E-001, 0.0000000E+000,-1.2037871E-001,-7.1685085E-002, 3.5218036E+001
 5.6446931E+001, 1.8403334E+000, 1.2351344E-019, 1.3319175E-001, 6.7539608E+001, 2.1029740E-001, 0.0000000E+000,-1.1845193E-001,-7.1522692E-002, 3.5173954E+001
 5.6601268E+001, 1.8399978E+000, 1.2359728E-019, 1.4757226E-001, 7.1280591E+001, 2.2606425E-001, 0.0000000E+000,-1.3180210E-001,-7.1548602E-002, 3.5200445E+001
 5.6832773E+001, 1.8399804E+000, 1.2389199E-019, 1.7355411E-001, 7.5515005E+001, 2.5469475E-001, 0.0000000E+000,-1.4737540E-001,-7.2152321E-002, 3.5334372E+001
 5.7064279E+001, 1.8402990E+000, 1.2459417E-019, 1.7070718E-001, 7.3762614E+001, 2.5200026E-001, 0.0000000E+000,-1.4084819E-001,-7.2713578E-002, 3.5408713E+001
 5.7218616E+001, 1.8405073E+000, 1.2539970E-019, 1.4533600E-001, 6.9067769E+001, 2.2435910E-001, 0.0000000E+000,-1.2382246E-001,-7.2679203E-002, 3.5359275E+001
 5.7450121E+001, 1.8406009E+000, 1.2578466E-019, 1.3536016E-001, 6.7967977E+001, 2.1318394E-001, 0.0000000E+000,-1.1992460E-001,-7.2249529E-002, 3.5289211E+001
 5.7604458E+001, 1.8407451E+000, 1.2591155E-019, 1.3938733E-001, 6.8865407E+001, 2.1752628E-001, 0.0000000E+000,-1.2307294E-001,-7.2036590E-002, 3.5274130E+001
 5.7835964E+001, 1.8407429E+000, 1.2605061E-019, 1.4113352E-001, 6.8971164E+001, 2.1941246E-001, 0.0000000E+000,-1.2344689E-001,-7.2010958E-002, 3.5273049E+001
 5.8067469E+001, 1.8405322E+000, 1.2633736E-019, 1.4443058E-001, 6.9814968E+001, 2.2300037E-001, 0.0000000E+000,-1.2647063E-001,-7.2094856E-002, 3.5285296E+001
 5.8221806E+001, 1.8404095E+000, 1.2658063E-019, 1.5284914E-001, 7.1604109E+001, 2.3231219E-001, 0.0000000E+000,-1.3291224E-001,-7.2293716E-002, 3.5326916E+001
 5.8453312E+001, 1.8404838E+000, 1.2692998E-019, 1.5678657E-001, 7.1836477E+001, 2.3678054E-001, 0.0000000E+000,-1.3375037E-001,-7.2541885E-002, 3.5370142E+001
 5.8607649E+001, 1.8406680E+000, 1.2743800E-019, 1.4325785E-001, 6.8437604E+001, 2.2205659E-001, 0.0000000E+000,-1.2158559E-001,-7.2597914E-002, 3.5354200E+001
 5.8839154E+001, 1.8407164E+000, 1.2776088E-019, 1.2824563E-001, 6.6657085E+001, 2.0527414E-001, 0.0000000E+000,-1.1534150E-001,-7.2228124E-002, 3.5277198E+001
 5.9062208E+001, 1.8407328E+000, 1.2782640E-019, 1.4063414E-001, 6.9491977E+001, 2.1888762E-001, 0.0000000E+000,-1.2530775E-001,-7.2095523E-002, 3.5288133E+001
 5.9268358E+001, 1.8408850E+000, 1.2807540E-019, 1.5098356E-001, 7.0934475E+001, 2.3039763E-001, 0.0000000E+000,-1.3044481E-001,-7.2370272E-002, 3.5344906E+001
 5.9405792E+001, 1.8409582E+000, 1.2839447E-019, 1.5124259E-001, 7.0989569E+001, 2.3078054E-001, 0.0000000E+000,-1.3063612E-001,-7.2558802E-002, 3.5370819E+001
 5.9611942E+001, 1.8409997E+000, 1.2873776E-019, 1.4974255E-001, 7.0619473E+001, 2.2921794E-001, 0.0000000E+000,-1.2930071E-001,-7.2670865E-002, 3.5385004E+001
 5.9818092E+001, 1.8412631E+000, 1.2919746E-019, 1.4702319E-001, 7.0164851E+001, 2.2634533E-001, 0.0000000E+000,-1.2764535E-001,-7.2697512E-002, 3.5391900E+001
 6.0044857E+001, 1.8415954E+000, 1.2952355E-019, 1.4101674E-001, 6.8624695E+001, 2.1977509E-001, 0.0000000E+000,-1.2214594E-001,-7.2616145E-002, 3.5376628E+001
 6.0271622E+001, 1.8416851E+000, 1.2983951E-019, 1.3686117E-001, 6.8398052E+001, 2.1512067E-001, 0.0000000E+000,-1.2133413E-001,-7.2449895E-002, 3.5348823E+001
 6.0422799E+001, 1.8416821E+000, 1.2999687E-019, 1.4528805E-001, 7.0339248E+001, 2.2439076E-001, 0.0000000E+000,-1.2823067E-001,-7.2504872E-002, 3.5373403E+001
 6.0649564E+001, 1.8416915E+000, 1.3023892E-019, 1.4791968E-001, 7.0046483E+001, 2.2737139E-001, 0.0000000E+000,-1.2718509E-001,-7.2680248E-002, 3.5400368E+001
 6.0800741E+001, 1.8417008E+000, 1.3061812E-019, 1.3614458E-001, 6.7691281E+001, 2.1442165E-001, 0.0000000E+000,-1.1884995E-001,-7.2685713E-002, 3.5376423E+001
 6.1027506E+001, 1.8416513E+000, 1.3085204E-019, 1.3763099E-001, 6.8655188E+001, 2.1600226E-001, 0.0000000E+000,-1.2225349E-001,-7.2557068E-002, 3.5365628E+001
 6.1254271E+001, 1.8418251E+000, 1.3104282E-019, 1.5948955E-001, 7.3677295E+001, 2.4013726E-001, 0.0000000E+000,-1.4038061E-001,-7.2797794E-002, 3.5448884E+001
 6.1405448E+001, 1.8424003E+000, 1.3151051E-019, 1.7283766E-001, 7.4700703E+001, 2.5510044E-001, 0.0000000E+000,-1.4409185E-001,-7.3352534E-002, 3.5560519E+001
 6.1632213E+001, 1.8426953E+000, 1.3228907E-019, 1.5823241E-001, 7.2272092E+001, 2.3940330E-001, 0.0000000E+000,-1.3511859E-001,-7.3600081E-002, 3.5569377E+001
 6.1858979E+001, 1.8431073E+000, 1.3291807E-019, 1.5231667E-001, 7.1240432E+001, 2.3303173E-001, 0.0000000E+000,-1.3133194E-001,-7.3558757E-002, 3.5563589E+001
 6.2010155E+001, 1.8434551E+000, 1.3338974E-019, 1.4997201E-001, 7.0830568E+001, 2.3047625E-001, 0.0000000E+000,-1.2982041E-001,-7.3494480E-002, 3.5560245E+001
 6.2236921E+001, 1.8437295E+000, 1.3379325E-019, 1.4390130E-001, 6.9587307E+001, 2.2382508E-001, 0.0000000E+000,-1.2534723E-001,-7.3392262E-002, 3.5540945E+001
 6.2471245E+001, 1.8437643E+000, 1.3411595E-019, 1.3814031E-001, 6.8705078E+001, 2.1738088E-001, 0.0000000E+000,-1.2221194E-001,-7.3249079E-002, 3.5510332E+001
 6.2637539E+001, 1.8436135E+000, 1.3433050E-019, 1.4674787E-001, 7.1333596E+001, 2.2681560E-001, 0.0000000E+000,-1.3163605E-001,-7.3258073E-002, 3.5527204E+001
 6.2861159E+001, 1.8436774E+000, 1.3470133E-019, 1.6564314E-001, 7.4191455E+001, 2.4774407E-001, 0.0000000E+000,-1.4207519E-001,-7.3704750E-002, 3.5627707E+001
 6.3010239E+001, 1.8438569E+000, 1.3525639E-019, 1.5515605E-001, 7.1144969E+001, 2.3643628E-001, 0.0000000E+000,-1.3092861E-001,-7.3957143E-002, 3.5640704E+001
 6.3233859E+001, 1.8438036E+000, 1.3577410E-019, 1.3296911E-001, 6.7055722E+001, 2.1189497E-001, 0.0000000E+000,-1.1642909E-001,-7.3768046E-002, 3.5570594E+001
 6.3457479E+001, 1.8437853E+000, 1.3600605E-019, 1.3567734E-001, 6.8496793E+001, 2.1473917E-001, 0.0000000E+000,-1.2148239E-001,-7.3366960E-002, 3.5529581E+001
 6.3606559E+001, 1.8438749E+000, 1.3608926E-019, 1.4390472E-001, 7.0103715E+001, 2.2384712E-001, 0.0000000E+000,-1.2717168E-001,-7.3413775E-002, 3.5553508E+001
 6.3830179E+001, 1.8439335E+000, 1.3631886E-019, 1.4354638E-001, 6.9541643E+001, 2.2350921E-001, 0.0000000E+000,-1.2516222E-001,-7.3524363E-002, 3.5566422E+001
 6.4053799E+001, 1.8438372E+000, 1.3670849E-019, 1.4218375E-001, 6.9587654E+001, 2.2201414E-001, 0.0000000E+000,-1.2533592E-001,-7.3593439E-002, 3.5570956E+001
 6.4202879E+001, 1.8437520E+000, 1.3695751E-019, 1.4785273E-001, 7.0902601E+001, 2.2826599E-001, 0.0000000E+000,-1.3005121E-001,-7.3710462E-002, 3.5597927E+001
 6.4426498E+001, 1.8440511E+000, 1.3726841E-019, 1.4935631E-001, 7.0611140E+001, 2.3005679E-001, 0.0000000E+000,-1.2897794E-001,-7.3819670E-002, 3.5622915E+001
 6.4650118E+001, 1.8442763E+000, 1.3775835E-019, 1.2854600E-001, 6.6077133E+001, 2.0703471E-001, 0.0000000E+000,-1.1302395E-001,-7.3650694E-002, 3.5561417E+001
 6.4873738E+001, 1.8440951E+000, 1.3787654E-019, 1.2051834E-001, 6.5772522E+001, 1.9786205E-001, 0.0000000E+000,-1.1196962E-001,-7.3230109E-002, 3.5487444E+001
 6.5022818E+001, 1.8439499E+000, 1.3776321E-019, 1.3815128E-001, 6.9261741E+001, 2.1734818E-001, 0.0000000E+000,-1.2417048E-001,-7.3182768E-002, 3.5515274E+001
 6.5246438E+001, 1.8439435E+000, 1.3792090E-019, 1.4879518E-001, 7.0787765E+001, 2.2922681E-001, 0.0000000E+000,-1.2961860E-001,-7.3536359E-002, 3.5580611E+001
 6.5470058E+001, 1.8439678E+000, 1.3831325E-019, 1.4691187E-001, 7.0243384E+001, 2.2730451E-001, 0.0000000E+000,-1.2766255E-001,-7.3795020E-002, 3.5610649E+001
 6.5619138E+001, 1.8440796E+000, 1.3872801E-019, 1.4448783E-001, 6.9901817E+001, 2.2473567E-001, 0.0000000E+000,-1.2643037E-001,-7.3884241E-002, 3.5622050E+001
 6.5842758E+001, 1.8443108E+000, 1.3908322E-019, 1.4334830E-001, 6.9756211E+001, 2.2356088E-001, 0.0000000E+000,-1.2588834E-001,-7.3892228E-002, 3.5628012E+001
 6.6066378E+001, 1.8446779E+000, 1.3941304E-019, 1.4090041E-001, 6.9125233E+001, 2.2094525E-001, 0.0000000E+000,-1.2361002E-001,-7.3857752E-002, 3.5626797E+001
 6.6215458E+001, 1.8448793E+000, 1.3971030E-019, 1.3895698E-001, 6.9101481E+001, 2.1877442E-001, 0.0000000E+000,-1.2350574E-001,-7.3813063E-002, 3.5621065E+001
 6.6449742E+001, 1.8450209E+000, 1.3996852E-019, 1.4606449E-001, 7.0605092E+001, 2.2668149E-001, 0.0000000E+000,-1.2886343E-001,-7.3908532E-002, 3.5650203E+001
 6.6660628E+001, 1.8451926E+000, 1.4034358E-019, 1.5106438E-001, 7.1056835E+001, 2.3233681E-001, 0.0000000E+000,-1.3046965E-001,-7.4133251E-002, 3.5692912E+001
 6.6801220E+001, 1.8453241E+000, 1.4079399E-019, 1.4046833E-001, 6.8537258E+001, 2.2072789E-001, 0.0000000E+000,-1.2147518E-001,-7.4194887E-002, 3.5680638E+001
 6.7012107E+001, 1.8453085E+000, 1.4108942E-019, 1.3025545E-001, 6.7412848E+001, 2.0927186E-001, 0.0000000E+000,-1.1752471E-001,-7.3954118E-002, 3.5630419E+001
 6.7222994E+001, 1.8453802E+000, 1.4120461E-019, 1.4385614E-001, 7.0795396E+001, 2.2430126E-001, 0.0000000E+000,-1.2953407E-001,-7.3923828E-002, 3.5658737E+001
 6.7440910E+001, 1.8457160E+000, 1.4159207E-019, 1.6429669E-001, 7.3990728E+001, 2.4707718E-001, 0.0000000E+000,-1.4113132E-001,-7.4431995E-002, 3.5774079E+001
 6.7665037E+001, 1.8461433E+000, 1.4223051E-019, 1.6087191E-001, 7.2913857E+001, 2.4361603E-001, 0.0000000E+000,-1.3712827E-001,-7.4786706E-002, 3.5823625E+001
 6.7803991E+001, 1.8464604E+000, 1.4296027E-019, 1.5308120E-001, 7.1612725E+001, 2.3524820E-001, 0.0000000E+000,-1.3235244E-001,-7.4881286E-002, 3.5829801E+001
 6.8012420E+001, 1.8467558E+000, 1.4345640E-019, 1.4765953E-001, 7.0671783E+001, 2.2934852E-001, 0.0000000E+000,-1.2892873E-001,-7.4803141E-002, 3.5818536E+001
 6.8241693E+001, 1.8470884E+000, 1.4384884E-019, 1.4193442E-001, 6.9363172E+001, 2.2304006E-001, 0.0000000E+000,-1.2422129E-001,-7.4665407E-002, 3.5796742E+001
 6.8470966E+001, 1.8471855E+000, 1.4422288E-019, 1.3543543E-001, 6.8336723E+001, 2.1573014E-001, 0.0000000E+000,-1.2057873E-001,-7.4470666E-002, 3.5758553E+001
 6.8623815E+001, 1.8470815E+000, 1.4439583E-019, 1.4106655E-001, 6.9845198E+001, 2.2187887E-001, 0.0000000E+000,-1.2594413E-001,-7.4457066E-002, 3.5765660E+001
 6.8853087E+001, 1.8469881E+000, 1.4460953E-019, 1.5893847E-001, 7.3956995E+001, 2.4162951E-001, 0.0000000E+000,-1.4090705E-001,-7.4742552E-002, 3.5839664E+001
 6.9005936E+001, 1.8473732E+000, 1.4513893E-019, 1.7618364E-001, 7.6015055E+001, 2.6085856E-001, 0.0000000E+000,-1.4852342E-001,-7.5340459E-002, 3.5962070E+001
 6.9242851E+001, 1.8476094E+000, 1.4606165E-019, 1.5904540E-001, 7.2503147E+001, 2.4236576E-001, 0.0000000E+000,-1.3553078E-001,-7.5660380E-002, 3.5973815E+001
 6.9410984E+001, 1.8477251E+000, 1.4672397E-019, 1.3176651E-001, 6.6465536E+001, 2.1217956E-001, 0.0000000E+000,-1.1400804E-001,-7.5360045E-002, 3.5881613E+001
 6.9663185E+001, 1.8477339E+000, 1.4697308E-019, 1.2191543E-001, 6.6080567E+001, 2.0097775E-001, 0.0000000E+000,-1.1267873E-001,-7.4793804E-002, 3.5790566E+001
 6.9831318E+001, 1.8477448E+000, 1.4687380E-019, 1.3682837E-001, 6.9085922E+001, 2.1740625E-001, 0.0000000E+000,-1.2317334E-001,-7.4543750E-002, 3.5792187E+001
 7.0083518E+001, 1.8476533E+000, 1.4700557E-019, 1.4101901E-001, 6.9459845E+001, 2.2210226E-001, 0.0000000E+000,-1.2450739E-001,-7.4738953E-002, 3.5820238E+001
 7.0251651E+001, 1.8473114E+000, 1.4727910E-019, 1.4366899E-001, 7.0249701E+001, 2.2500529E-001, 0.0000000E+000,-1.2736233E-001,-7.4938718E-002, 3.5843511E+001
 7.0405791E+001, 1.8473131E+000, 1.4754018E-019, 1.5410464E-001, 7.2774477E+001, 2.3658028E-001, 0.0000000E+000,-1.3651006E-001,-7.5150888E-002, 3.5894976E+001
 7.0616008E+001, 1.8475182E+000, 1.4800256E-019, 1.6780802E-001, 7.4789721E+001, 2.5188533E-001, 0.0000000E+000,-1.4392255E-001,-7.5590196E-002, 3.5985350E+001
 7.0826225E+001, 1.8480177E+000, 1.4889919E-019, 1.4640000E-001, 6.9898378E+001, 2.2861250E-001, 0.0000000E+000,-1.2610812E-001,-7.5775727E-002, 3.5977334E+001
 7.1036443E+001, 1.8481591E+000, 1.4937128E-019, 1.1808171E-001, 6.4792968E+001, 1.9697661E-001, 0.0000000E+000,-1.0820167E-001,-7.5226663E-002, 3.5854934E+001
 7.1246660E+001, 1.8480373E+000, 1.4928694E-019, 1.3055759E-001, 6.7987382E+001, 2.1061851E-001, 0.0000000E+000,-1.1928992E-001,-7.4788164E-002, 3.5823399E+001
 7.1456877E+001, 1.8479336E+000, 1.4928232E-019, 1.4574175E-001, 7.0827550E+001, 2.2750380E-001, 0.0000000E+000,-1.2937341E-001,-7.5031468E-002, 3.5878760E+001
 7.1667095E+001, 1.8478207E+000, 1.4969668E-019, 1.4903203E-001, 7.1172550E+001, 2.3126870E-001, 0.0000000E+000,-1.3062767E-001,-7.5409867E-002, 3.5929673E+001
 7.1807239E+001, 1.8477620E+000, 1.5007980E-019, 1.5225081E-001, 7.1930819E+001, 2.3488171E-001, 0.0000000E+000,-1.3338005E-001,-7.5626841E-002, 3.5964509E+001
 7.2017457E+001, 1.8481104E+000, 1.5049646E-019, 1.6003901E-001, 7.3753056E+001, 2.4364324E-001, 0.0000000E+000,-1.4002452E-001,-7.5823703E-002, 3.6018552E+001
 7.2227674E+001, 1.8489078E+000, 1.5126876E-019, 1.6222982E-001, 7.3562982E+001, 2.4642161E-001, 0.0000000E+000,-1.3925035E-001,-7.6134723E-002, 3.6084075E+001
 7.2444899E+001, 1.8494395E+000, 1.5196016E-019, 1.4842502E-001, 7.0838633E+001, 2.3138538E-001, 0.0000000E+000,-1.2926762E-001,-7.6116342E-002, 3.6065417E+001
 7.2667944E+001, 1.8496277E+000, 1.5253036E-019, 1.5055314E-001, 7.1871234E+001, 2.3376117E-001, 0.0000000E+000,-1.3299045E-001,-7.6049338E-002, 3.6068466E+001
 7.2805717E+001, 1.8498489E+000, 1.5292506E-019, 1.5831309E-001, 7.3367639E+001, 2.4240158E-001, 0.0000000E+000,-1.3842939E-001,-7.6215932E-002, 3.6110386E+001
 7.3012375E+001, 1.8499388E+000, 1.5341413E-019, 1.4885610E-001, 7.0249563E+001, 2.3202649E-001, 0.0000000E+000,-1.2714300E-001,-7.6325062E-002, 3.6104105E+001
 7.3225923E+001, 1.8496892E+000, 1.5392264E-019, 1.2078754E-001, 6.5462165E+001, 2.0060585E-001, 0.0000000E+000,-1.1034297E-001,-7.5874048E-002, 3.5984138E+001
 7.3453247E+001, 1.8493287E+000, 1.5388088E-019, 1.2998893E-001, 6.8858884E+001, 2.1058957E-001, 0.0000000E+000,-1.2227268E-001,-7.5584689E-002, 3.5959373E+001
 7.3604797E+001, 1.8493040E+000, 1.5384743E-019, 1.6245308E-001, 7.4608546E+001, 2.4655376E-001, 0.0000000E+000,-1.4308345E-001,-7.5914930E-002, 3.6069802E+001
 7.3832122E+001, 1.8494693E+000, 1.5444157E-019, 1.7085184E-001, 7.5229709E+001, 2.5612055E-001, 0.0000000E+000,-1.4538591E-001,-7.6640816E-002, 3.6182624E+001
 7.4059446E+001, 1.8496600E+000, 1.5534855E-019, 1.5056396E-001, 7.0686161E+001, 2.3408295E-001, 0.0000000E+000,-1.2873064E-001,-7.6845339E-002, 3.6171803E+001
 7.4210996E+001, 1.8497214E+000, 1.5598014E-019, 1.3328114E-001, 6.8471759E+001, 2.1485700E-001, 0.0000000E+000,-1.2080737E-001,-7.6543432E-002, 3.6103601E+001
 7.4438320E+001, 1.8500663E+000, 1.5617568E-019, 1.3641886E-001, 6.8981054E+001, 2.1833113E-001, 0.0000000E+000,-1.2257340E-001,-7.6238517E-002, 3.6082451E+001
 7.4665645E+001, 1.8503692E+000, 1.5634159E-019, 1.3719837E-001, 6.8951580E+001, 2.1920054E-001, 0.0000000E+000,-1.2243994E-001,-7.6127447E-002, 3.6075058E+001
 7.4817195E+001, 1.8501622E+000, 1.5655515E-019, 1.3318440E-001, 6.8160348E+001, 2.1460421E-001, 0.0000000E+000,-1.1966816E-001,-7.6116540E-002, 3.6056217E+001
 7.5044519E+001, 1.8498476E+000, 1.5671844E-019, 1.3604697E-001, 6.9070577E+001, 2.1768477E-001, 0.0000000E+000,-1.2292290E-001,-7.6101779E-002, 3.6054418E+001
 7.5271844E+001, 1.8497334E+000, 1.5690624E-019, 1.5352095E-001, 7.3143796E+001, 2.3708875E-001, 0.0000000E+000,-1.3764290E-001,-7.6357135E-002, 3.6124361E+001
 7.5423394E+001, 1.8500083E+000, 1.5737025E-019, 1.7055889E-001, 7.5271865E+001, 2.5611039E-001, 0.0000000E+000,-1.4547801E-001,-7.6895954E-002, 3.6237195E+001
 7.5650718E+001, 1.8503656E+000, 1.5821049E-019, 1.5404224E-001, 7.1812272E+001, 2.3823269E-001, 0.0000000E+000,-1.3274249E-001,-7.7151101E-002, 3.6243928E+001
 7.5817423E+001, 1.8505731E+000, 1.5881833E-019, 1.2745370E-001, 6.5971917E+001, 2.0870187E-001, 0.0000000E+000,-1.1202305E-001,-7.6810038E-002, 3.6150370E+001
 7.6067480E+001, 1.8505564E+000, 1.5898251E-019, 1.1558596E-001, 6.5040184E+001, 1.9517104E-001, 0.0000000E+000,-1.0882344E-001,-7.6223638E-002, 3.6050366E+001
 7.6234185E+001, 1.8505433E+000, 1.5875503E-019, 1.2998561E-001, 6.7985095E+001, 2.1108216E-001, 0.0000000E+000,-1.1901719E-001,-7.5896131E-002, 3.6039868E+001
 7.6400889E+001, 1.8504355E+000, 1.5869050E-019, 1.3582529E-001, 6.8857831E+001, 2.1760151E-001, 0.0000000E+000,-1.2210115E-001,-7.6020615E-002, 3.6062895E+001
 7.6640774E+001, 1.8502529E+000, 1.5888457E-019, 1.4064401E-001, 6.9952038E+001, 2.2297139E-001, 0.0000000E+000,-1.2601380E-001,-7.6242882E-002, 3.6095884E+001
 7.6860314E+001, 1.8501587E+000, 1.5921531E-019, 1.5319471E-001, 7.2760357E+001, 2.3695690E-001, 0.0000000E+000,-1.3618200E-001,-7.6591674E-002, 3.6165497E+001
 7.7006674E+001, 1.8503111E+000, 1.5971818E-019, 1.6342266E-001, 7.3929965E+001, 2.4842533E-001, 0.0000000E+000,-1.4045895E-001,-7.7041771E-002, 3.6249922E+001
 7.7226213E+001, 1.8509582E+000, 1.6043660E-019, 1.4942859E-001, 7.1062639E+001, 2.3332985E-001, 0.0000000E+000,-1.2994818E-001,-7.7128173E-002, 3.6248688E+001
 7.7445753E+001, 1.8514340E+000, 1.6098939E-019, 1.3699360E-001, 6.9056743E+001, 2.1958550E-001, 0.0000000E+000,-1.2270928E-001,-7.6898265E-002, 3.6204769E+001
 7.7639717E+001, 1.8516525E+000, 1.6131292E-019, 1.4542926E-001, 7.1090584E+001, 2.2887742E-001, 0.0000000E+000,-1.2996691E-001,-7.6821303E-002, 3.6217879E+001
 7.7833680E+001, 1.8517427E+000, 1.6162892E-019, 1.5213690E-001, 7.2039120E+001, 2.3638002E-001, 0.0000000E+000,-1.3338639E-001,-7.7036246E-002, 3.6259064E+001
 7.8047040E+001, 1.8516930E+000, 1.6220341E-019, 1.4695774E-001, 7.1047222E+001, 2.3076464E-001, 0.0000000E+000,-1.2979783E-001,-7.7203193E-002, 3.6269886E+001
 7.8260400E+001, 1.8516251E+000, 1.6263756E-019, 1.5054946E-001, 7.2298042E+001, 2.3473755E-001, 0.0000000E+000,-1.3434627E-001,-7.7303000E-002, 3.6291740E+001
 7.8402640E+001, 1.8519972E+000, 1.6309470E-019, 1.6242901E-001, 7.4449333E+001, 2.4799242E-001, 0.0000000E+000,-1.4221991E-001,-7.7523832E-002, 3.6355531E+001
 7.8616000E+001, 1.8523557E+000, 1.6377375E-019, 1.6284115E-001, 7.3964423E+001, 2.4871919E-001, 0.0000000E+000,-1.4039655E-001,-7.7843296E-002, 3.6405585E+001
 7.8829360E+001, 1.8527042E+000, 1.6452160E-019, 1.4834591E-001, 7.1105283E+001, 2.3287727E-001, 0.0000000E+000,-1.2991154E-001,-7.7846450E-002, 3.6384703E+001
 7.9042720E+001, 1.8528898E+000, 1.6513026E-019, 1.4633247E-001, 7.1182771E+001, 2.3062698E-001, 0.0000000E+000,-1.3017051E-001,-7.7694521E-002, 3.6369361E+001
 7.9256080E+001, 1.8530328E+000, 1.6550307E-019, 1.4623829E-001, 7.0830577E+001, 2.3053504E-001, 0.0000000E+000,-1.2889030E-001,-7.7695063E-002, 3.6371229E+001
 7.9469440E+001, 1.8529164E+000, 1.6596187E-019, 1.2874613E-001, 6.7075089E+001, 2.1095750E-001, 0.0000000E+000,-1.1563600E-001,-7.7499269E-002, 3.6305718E+001
 7.9611680E+001, 1.8525373E+000, 1.6606694E-019, 1.1604228E-001, 6.4774861E+001, 1.9647544E-001, 0.0000000E+000,-1.0771068E-001,-7.7123076E-002, 3.6223965E+001
 7.9839264E+001, 1.8521693E+000, 1.6591486E-019, 1.2494953E-001, 6.8110613E+001, 2.0623483E-001, 0.0000000E+000,-1.1935804E-001,-7.6893958E-002, 3.6206346E+001
 8.0073960E+001, 1.8521434E+000, 1.6588828E-019, 1.6267413E-001, 7.4701995E+001, 2.4818551E-001, 0.0000000E+000,-1.4316318E-001,-7.7426455E-002, 3.6352976E+001
 8.0214332E+001, 1.8523596E+000, 1.6644488E-019, 1.6616671E-001, 7.4543629E+001, 2.5234462E-001, 0.0000000E+000,-1.4254038E-001,-7.8028080E-002, 3.6438251E+001
 8.0424890E+001, 1.8525733E+000, 1.6721306E-019, 1.4657582E-001, 6.9940606E+001, 2.3092883E-001, 0.0000000E+000,-1.2579291E-001,-7.8152785E-002, 3.6418130E+001
 8.0635447E+001, 1.8525881E+000, 1.6778358E-019, 1.2091262E-001, 6.5992618E+001, 2.0218612E-001, 0.0000000E+000,-1.1188379E-001,-7.7595249E-002, 3.6301711E+001
 8.0853024E+001, 1.8528035E+000, 1.6772268E-019, 1.2487902E-001, 6.7209450E+001, 2.0648802E-001, 0.0000000E+000,-1.1608319E-001,-7.7197665E-002, 3.6263853E+001
 8.1007433E+001, 1.8527655E+000, 1.6763713E-019, 1.3025302E-001, 6.8030021E+001, 2.1238885E-001, 0.0000000E+000,-1.1895648E-001,-7.7133624E-002, 3.6260409E+001
 8.1239046E+001, 1.8524380E+000, 1.6770689E-019, 1.3399319E-001, 6.8757628E+001, 2.1649092E-001, 0.0000000E+000,-1.2155327E-001,-7.7235069E-002, 3.6271937E+001
 8.1470660E+001, 1.8520924E+000, 1.6787416E-019, 1.4037121E-001, 7.0223888E+001, 2.2357017E-001, 0.0000000E+000,-1.2680313E-001,-7.7428737E-002, 3.6302813E+001
 8.1625069E+001, 1.8521071E+000, 1.6816628E-019, 1.4595336E-001, 7.0990376E+001, 2.2989334E-001, 0.0000000E+000,-1.2955241E-001,-7.7645060E-002, 3.6344163E+001
 8.1856683E+001, 1.8522882E+000, 1.6859815E-019, 1.4149293E-001, 6.9933194E+001, 2.2507740E-001, 0.0000000E+000,-1.2575006E-001,-7.7747883E-002, 3.6353390E+001
 8.2011092E+001, 1.8524393E+000, 1.6894218E-019, 1.3046125E-001, 6.7414115E+001, 2.1280377E-001, 0.0000000E+000,-1.1683331E-001,-7.7620018E-002, 3.6317751E+001
 8.2242705E+001, 1.8524616E+000, 1.6910708E-019, 1.2673301E-001, 6.7388164E+001, 2.0853942E-001, 0.0000000E+000,-1.1673869E-001,-7.7407685E-002, 3.6283550E+001
 8.2474319E+001, 1.8524469E+000, 1.6914903E-019, 1.3024633E-001, 6.7990772E+001, 2.1236816E-001, 0.0000000E+000,-1.1885010E-001,-7.7280944E-002, 3.6273871E+001
 8.2628728E+001, 1.8523817E+000, 1.6922723E-019, 1.3462489E-001, 6.9013737E+001, 2.1723991E-001, 0.0000000E+000,-1.2246458E-001,-7.7329692E-002, 3.6287275E+001
 8.2860341E+001, 1.8523741E+000, 1.6938423E-019, 1.3967635E-001, 6.9960601E+001, 2.2290043E-001, 0.0000000E+000,-1.2583220E-001,-7.7466425E-002, 3.6314491E+001
 8.3014750E+001, 1.8523673E+000, 1.6968574E-019, 1.4069272E-001, 6.9761262E+001, 2.2410552E-001, 0.0000000E+000,-1.2512202E-001,-7.7631864E-002, 3.6338036E+001
 8.3246364E+001, 1.8523854E+000, 1.7002911E-019, 1.3093400E-001, 6.7765227E+001, 2.1328520E-001, 0.0000000E+000,-1.1807414E-001,-7.7581372E-002, 3.6312296E+001
 8.3400773E+001, 1.8524277E+000, 1.7020174E-019, 1.2465574E-001, 6.6769417E+001, 2.0620266E-001, 0.0000000E+000,-1.1458703E-001,-7.7378974E-002, 3.6275087E+001
 8.3632386E+001, 1.8524893E+000, 1.7022542E-019, 1.3107206E-001, 6.8644699E+001, 2.1331606E-001, 0.0000000E+000,-1.2115971E-001,-7.7285272E-002, 3.6278042E+001
 8.3864000E+001, 1.8526598E+000, 1.7038748E-019, 1.4356233E-001, 7.0578099E+001, 2.2732539E-001, 0.0000000E+000,-1.2801553E-001,-7.7523935E-002, 3.6336861E+001
 8.4018409E+001, 1.8527673E+000, 1.7072271E-019, 1.4228520E-001, 7.0158211E+001, 2.2600057E-001, 0.0000000E+000,-1.2650031E-001,-7.7709977E-002, 3.6359074E+001
 8.4250023E+001, 1.8528100E+000, 1.7109526E-019, 1.3871452E-001, 6.9503808E+001, 2.2208465E-001, 0.0000000E+000,-1.2416172E-001,-7.7768085E-002, 3.6361262E+001
 8.4404432E+001, 1.8529352E+000, 1.7144405E-019, 1.3632499E-001, 6.9190882E+001, 2.1947518E-001, 0.0000000E+000,-1.2303719E-001,-7.7736189E-002, 3.6357091E+001
 8.4636045E+001, 1.8531536E+000, 1.7172008E-019, 1.3734181E-001, 6.9422289E+001, 2.2064756E-001, 0.0000000E+000,-1.2383809E-001,-7.7706261E-002, 3.6361707E+001
 8.4867659E+001, 1.8534546E+000, 1.7200299E-019, 1.4186066E-001, 7.0554311E+001, 2.2575982E-001, 0.0000000E+000,-1.2785477E-001,-7.7758350E-002, 3.6384664E+001
 8.5022068E+001, 1.8535981E+000, 1.7236372E-019, 1.4832417E-001, 7.1754412E+001, 2.3301396E-001, 0.0000000E+000,-1.3217056E-001,-7.7959541E-002, 3.6427455E+001
 8.5253681E+001, 1.8538734E+000, 1.7288133E-019, 1.4726065E-001, 7.1186663E+001, 2.3198495E-001, 0.0000000E+000,-1.3009604E-001,-7.8150990E-002, 3.6454657E+001
 8.5408090E+001, 1.8540857E+000, 1.7335021E-019, 1.3367037E-001, 6.7980307E+001, 2.1692539E-001, 0.0000000E+000,-1.1866129E-001,-7.8080825E-002, 3.6419938E+001
 8.5639704E+001, 1.8541153E+000, 1.7362256E-019, 1.2826540E-001, 6.8059329E+001, 2.1079840E-001, 0.0000000E+000,-1.1893608E-001,-7.7832789E-002, 3.6380505E+001
 8.5871318E+001, 1.8542296E+000, 1.7377237E-019, 1.4762502E-001, 7.1836051E+001, 2.3236508E-001, 0.0000000E+000,-1.3241760E-001,-7.7929120E-002, 3.6437942E+001
 8.6025727E+001, 1.8544082E+000, 1.7413449E-019, 1.5503676E-001, 7.2995791E+001, 2.4073702E-001, 0.0000000E+000,-1.3661918E-001,-7.8281223E-002, 3.6500788E+001
 8.6248935E+001, 1.8545575E+000, 1.7471241E-019, 1.4836109E-001, 7.1155134E+001, 2.3350811E-001, 0.0000000E+000,-1.2991853E-001,-7.8491877E-002, 3.6516208E+001
 8.6455332E+001, 1.8546708E+000, 1.7542082E-019, 1.3865717E-001, 6.9799303E+001, 2.2275529E-001, 0.0000000E+000,-1.2503227E-001,-7.8418799E-002, 3.6492199E+001
 8.6661729E+001, 1.8549158E+000, 1.7572247E-019, 1.3799454E-001, 6.9572521E+001, 2.2202760E-001, 0.0000000E+000,-1.2420051E-001,-7.8310810E-002, 3.6483268E+001
 8.6868126E+001, 1.8551492E+000, 1.7604599E-019, 1.3578173E-001, 6.9154569E+001, 2.1958396E-001, 0.0000000E+000,-1.2269271E-001,-7.8215907E-002, 3.6471365E+001
 8.7012604E+001, 1.8551762E+000, 1.7624967E-019, 1.3656462E-001, 6.9423844E+001, 2.2043158E-001, 0.0000000E+000,-1.2364662E-001,-7.8194835E-002, 3.6470413E+001
 8.7239640E+001, 1.8549946E+000, 1.7645111E-019, 1.4231057E-001, 7.0912398E+001, 2.2680072E-001, 0.0000000E+000,-1.2899611E-001,-7.8304083E-002, 3.6492636E+001
 8.7406134E+001, 1.8551176E+000, 1.7679713E-019, 1.5243787E-001, 7.2620557E+001, 2.3816109E-001, 0.0000000E+000,-1.3517653E-001,-7.8554014E-002, 3.6550167E+001
 8.7655874E+001, 1.8552970E+000, 1.7741670E-019, 1.4901642E-001, 7.1537767E+001, 2.3452820E-001, 0.0000000E+000,-1.3124022E-001,-7.8805749E-002, 3.6579720E+001
 8.7822368E+001, 1.8553629E+000, 1.7798370E-019, 1.2996768E-001, 6.7065357E+001, 2.1332137E-001, 0.0000000E+000,-1.1533812E-001,-7.8671003E-002, 3.6522350E+001
 8.8072109E+001, 1.8553420E+000, 1.7822849E-019, 1.2517671E-001, 6.7601942E+001, 2.0782502E-001, 0.0000000E+000,-1.1721553E-001,-7.8326414E-002, 3.6470117E+001
 8.8238602E+001, 1.8553479E+000, 1.7820884E-019, 1.3842233E-001, 7.0176915E+001, 2.2254233E-001, 0.0000000E+000,-1.2631861E-001,-7.8253709E-002, 3.6491249E+001
 8.8405096E+001, 1.8555120E+000, 1.7836014E-019, 1.4591136E-001, 7.1498262E+001, 2.3097768E-001, 0.0000000E+000,-1.3105661E-001,-7.8440844E-002, 3.6534075E+001
 8.8637570E+001, 1.8556020E+000, 1.7885250E-019, 1.5166552E-001, 7.2383875E+001, 2.3753186E-001, 0.0000000E+000,-1.3426454E-001,-7.8785899E-002, 3.6591796E+001
 8.8861412E+001, 1.8556624E+000, 1.7948659E-019, 1.4951693E-001, 7.1639601E+001, 2.3526515E-001, 0.0000000E+000,-1.3155638E-001,-7.9032399E-002, 3.6619712E+001
 8.9010640E+001, 1.8557660E+000, 1.8008004E-019, 1.3875781E-001, 6.9323603E+001, 2.2337526E-001, 0.0000000E+000,-1.2323820E-001,-7.9027366E-002, 3.6600509E+001
 8.9234482E+001, 1.8558720E+000, 1.8042539E-019, 1.2611210E-001, 6.7269358E+001, 2.0917552E-001, 0.0000000E+000,-1.1599199E-001,-7.8708769E-002, 3.6537440E+001
 8.9458324E+001, 1.8558561E+000, 1.8049309E-019, 1.2950880E-001, 6.8573962E+001, 2.1286108E-001, 0.0000000E+000,-1.2058188E-001,-7.8486439E-002, 3.6516510E+001
 8.9607551E+001, 1.8557939E+000, 1.8053831E-019, 1.4333440E-001, 7.0965707E+001, 2.2825150E-001, 0.0000000E+000,-1.2910523E-001,-7.8607837E-002, 3.6558489E+001
 8.9831393E+001, 1.8557649E+000, 1.8088549E-019, 1.4634033E-001, 7.1316515E+001, 2.3168026E-001, 0.0000000E+000,-1.3037349E-001,-7.8905765E-002, 3.6600012E+001
 9.0055235E+001, 1.8556879E+000, 1.8137662E-019, 1.4217743E-001, 7.0320489E+001, 2.2716250E-001, 0.0000000E+000,-1.2679782E-001,-7.9046647E-002, 3.6609975E+001
 9.0204463E+001, 1.8557336E+000, 1.8181040E-019, 1.3758636E-001, 6.9672919E+001, 2.2206641E-001, 0.0000000E+000,-1.2447818E-001,-7.9021400E-002, 3.6601476E+001
 9.0428305E+001, 1.8559142E+000, 1.8212196E-019, 1.3775642E-001, 6.9747806E+001, 2.2227748E-001, 0.0000000E+000,-1.2472762E-001,-7.8963745E-002, 3.6600035E+001
 9.0652146E+001, 1.8561684E+000, 1.8241061E-019, 1.4059800E-001, 7.0446790E+001, 2.2550820E-001, 0.0000000E+000,-1.2720291E-001,-7.8977993E-002, 3.6612963E+001
 9.0801374E+001, 1.8562886E+000, 1.8274908E-019, 1.4381756E-001, 7.0957501E+001, 2.2914855E-001, 0.0000000E+000,-1.2902647E-001,-7.9090577E-002, 3.6636305E+001
 9.1025216E+001, 1.8563641E+000, 1.8317296E-019, 1.4226810E-001, 7.0514063E+001, 2.2748060E-001, 0.0000000E+000,-1.2742690E-001,-7.9193925E-002, 3.6647699E+001
 9.1249058E+001, 1.8564316E+000, 1.8358507E-019, 1.3226527E-001, 6.8233626E+001, 2.1631404E-001, 0.0000000E+000,-1.1931951E-001,-7.9120965E-002, 3.6618525E+001
 9.1472899E+001, 1.8563985E+000, 1.8383582E-019, 1.2936245E-001, 6.8227239E+001, 2.1297068E-001, 0.0000000E+000,-1.1930136E-001,-7.8883289E-002, 3.6583260E+001
 9.1622127E+001, 1.8563604E+000, 1.8390766E-019, 1.4161200E-001, 7.1118145E+001, 2.2660096E-001, 0.0000000E+000,-1.2960658E-001,-7.8968450E-002, 3.6618949E+001
 9.1845969E+001, 1.8565021E+000, 1.8415891E-019, 1.5377192E-001, 7.3189985E+001, 2.4023578E-001, 0.0000000E+000,-1.3712810E-001,-7.9277378E-002, 3.6687054E+001
 9.2069811E+001, 1.8567903E+000, 1.8494913E-019, 1.5077883E-001, 7.2062800E+001, 2.3721138E-001, 0.0000000E+000,-1.3298624E-001,-7.9647537E-002, 3.6734842E+001
 9.2219039E+001, 1.8570342E+000, 1.8552745E-019, 1.4106277E-001, 7.0107602E+001, 2.2649530E-001, 0.0000000E+000,-1.2590496E-001,-7.9625557E-002, 3.6717742E+001
 9.2442880E+001, 1.8571944E+000, 1.8592125E-019, 1.3338272E-001, 6.8620141E+001, 2.1793410E-001, 0.0000000E+000,-1.2060484E-001,-7.9445190E-002, 3.6684432E+001
 9.2666722E+001, 1.8573331E+000, 1.8617543E-019, 1.2684910E-001, 6.7580095E+001, 2.1050150E-001, 0.0000000E+000,-1.1693454E-001,-7.9132938E-002, 3.6634324E+001
 9.2815950E+001, 1.8572499E+000, 1.8622180E-019, 1.2761280E-001, 6.7871724E+001, 2.1127121E-001, 0.0000000E+000,-1.1796452E-001,-7.9007984E-002, 3.6616630E+001
 9.3039792E+001, 1.8570285E+000, 1.8625715E-019, 1.3411479E-001, 6.9558542E+001, 2.1845949E-001, 0.0000000E+000,-1.2395193E-001,-7.9048402E-002, 3.6629404E+001
 9.3203942E+001, 1.8568107E+000, 1.8641812E-019, 1.4612548E-001, 7.1613519E+001, 2.3184942E-001, 0.0000000E+000,-1.3134672E-001,-7.9306729E-002, 3.6683525E+001
 9.3450168E+001, 1.8567929E+000, 1.8688774E-019, 1.4509127E-001, 7.1086432E+001, 2.3085090E-001, 0.0000000E+000,-1.2944854E-001,-7.9583668E-002, 3.6717490E+001
 9.3614319E+001, 1.8568447E+000, 1.8737313E-019, 1.3056938E-001, 6.7531019E+001, 2.1469214E-001, 0.0000000E+000,-1.1682290E-001,-7.9534562E-002, 3.6680582E+001
 9.3860545E+001, 1.8567937E+000, 1.8762248E-019, 1.2032566E-001, 6.6268779E+001, 2.0309732E-001, 0.0000000E+000,-1.1243100E-001,-7.9208914E-002, 3.6618540E+001
 9.4024696E+001, 1.8567788E+000, 1.8754925E-019, 1.2758479E-001, 6.8165533E+001, 2.1109557E-001, 0.0000000E+000,-1.1904385E-001,-7.8971645E-002, 3.6605790E+001
 9.4270921E+001, 1.8568151E+000, 1.8756739E-019, 1.3554157E-001, 6.9429440E+001, 2.2003186E-001, 0.0000000E+000,-1.2350847E-001,-7.9087625E-002, 3.6636771E+001
 9.4435072E+001, 1.8568665E+000, 1.8777609E-019, 1.4198340E-001, 7.0971459E+001, 2.2727540E-001, 0.0000000E+000,-1.2902165E-001,-7.9295410E-002, 3.6676972E+001
 9.4655152E+001, 1.8568259E+000, 1.8813814E-019, 1.4698874E-001, 7.1677913E+001, 2.3294466E-001, 0.0000000E+000,-1.3157782E-001,-7.9556968E-002, 3.6720656E+001
 9.4801872E+001, 1.8569808E+000, 1.8866137E-019, 1.4465202E-001, 7.0796791E+001, 2.3051329E-001, 0.0000000E+000,-1.2838267E-001,-7.9746083E-002, 3.6744209E+001
 9.5021951E+001, 1.8571943E+000, 1.8913879E-019, 1.2996697E-001, 6.7847387E+001, 2.1416760E-001, 0.0000000E+000,-1.1790267E-001,-7.9599152E-002, 3.6700568E+001
 9.5242031E+001, 1.8573439E+000, 1.8933791E-019, 1.2294058E-001, 6.7177235E+001, 2.0619428E-001, 0.0000000E+000,-1.1553114E-001,-7.9259331E-002, 3.6647532E+001
 9.5462111E+001, 1.8573343E+000, 1.8932402E-019, 1.3567383E-001, 6.9646590E+001, 2.2038135E-001, 0.0000000E+000,-1.2423415E-001,-7.9234881E-002, 3.6669554E+001
 9.5608831E+001, 1.8573088E+000, 1.8949012E-019, 1.4264614E-001, 7.0976805E+001, 2.2820527E-001, 0.0000000E+000,-1.2899689E-001,-7.9454843E-002, 3.6709553E+001
 9.5828910E+001, 1.8573140E+000, 1.8983262E-019, 1.4515372E-001, 7.1310760E+001, 2.3108040E-001, 0.0000000E+000,-1.3020119E-001,-7.9678888E-002, 3.6743589E+001
 9.6048990E+001, 1.8574500E+000, 1.9044838E-019, 1.4512921E-001, 7.1328829E+001, 2.3120640E-001, 0.0000000E+000,-1.3025337E-001,-7.9875538E-002, 3.6774819E+001
 9.6269070E+001, 1.8578132E+000, 1.9094872E-019, 1.4542873E-001, 7.1341379E+001, 2.3167823E-001, 0.0000000E+000,-1.3026335E-001,-7.9950923E-002, 3.6795234E+001
 9.6415790E+001, 1.8581175E+000, 1.9145105E-019, 1.4377861E-001, 7.1032626E+001, 2.2996412E-001, 0.0000000E+000,-1.2911896E-001,-7.9998691E-002, 3.6806123E+001
 9.6635870E+001, 1.8585198E+000, 1.9191934E-019, 1.4400671E-001, 7.1182858E+001, 2.3030010E-001, 0.0000000E+000,-1.2962228E-001,-8.0023416E-002, 3.6817478E+001
 9.6867900E+001, 1.8587570E+000, 1.9237404E-019, 1.4943074E-001, 7.2338593E+001, 2.3640731E-001, 0.0000000E+000,-1.3379235E-001,-8.0156344E-002, 3.6851239E+001
 9.7009177E+001, 1.8589585E+000, 1.9297272E-019, 1.4684327E-001, 7.1354976E+001, 2.3363851E-001, 0.0000000E+000,-1.3020312E-001,-8.0318911E-002, 3.6869164E+001
 9.7221093E+001, 1.8589492E+000, 1.9350110E-019, 1.3859204E-001, 7.0014726E+001, 2.2448329E-001, 0.0000000E+000,-1.2538519E-001,-8.0268482E-002, 3.6847229E+001
 9.7433008E+001, 1.8589066E+000, 1.9385175E-019, 1.4055535E-001, 7.1054443E+001, 2.2661023E-001, 0.0000000E+000,-1.2913447E-001,-8.0223874E-002, 3.6846354E+001
 9.7644924E+001, 1.8590253E+000, 1.9431650E-019, 1.5891232E-001, 7.4401438E+001, 2.4707859E-001, 0.0000000E+000,-1.4136115E-001,-8.0543388E-002, 3.6930136E+001
 9.7856839E+001, 1.8594045E+000, 1.9502889E-019, 1.6070988E-001, 7.4106648E+001, 2.4935648E-001, 0.0000000E+000,-1.4023043E-001,-8.0909287E-002, 3.6988264E+001
 9.8068755E+001, 1.8597522E+000, 1.9605913E-019, 1.4760522E-001, 7.1786992E+001, 2.3503590E-001, 0.0000000E+000,-1.3169235E-001,-8.0977570E-002, 3.6981126E+001
 9.8210032E+001, 1.8599476E+000, 1.9657412E-019, 1.4072032E-001, 7.0405351E+001, 2.2739016E-001, 0.0000000E+000,-1.2668612E-001,-8.0830981E-002, 3.6955451E+001
 9.8421948E+001, 1.8600844E+000, 1.9691459E-019, 1.3529939E-001, 6.9316223E+001, 2.2129574E-001, 0.0000000E+000,-1.2278720E-001,-8.0649328E-002, 3.6925094E+001
 9.8633863E+001, 1.8600667E+000, 1.9718888E-019, 1.2906473E-001, 6.8237522E+001, 2.1420237E-001, 0.0000000E+000,-1.1897459E-001,-8.0394553E-002, 3.6878522E+001
 9.8866970E+001, 1.8597293E+000, 1.9727464E-019, 1.3014496E-001, 6.8852505E+001, 2.1524489E-001, 0.0000000E+000,-1.2118204E-001,-8.0297680E-002, 3.6859450E+001
 9.9022375E+001, 1.8594285E+000, 1.9735592E-019, 1.4023403E-001, 7.0966416E+001, 2.2644913E-001, 0.0000000E+000,-1.2875641E-001,-8.0392055E-002, 3.6886263E+001
 9.9255482E+001, 1.8593410E+000, 1.9769490E-019, 1.5154272E-001, 7.2891323E+001, 2.3912222E-001, 0.0000000E+000,-1.3575653E-001,-8.0746010E-002, 3.6954214E+001
 9.9410887E+001, 1.8595411E+000, 1.9823288E-019, 1.5060898E-001, 7.2381487E+001, 2.3828323E-001, 0.0000000E+000,-1.3387385E-001,-8.0978003E-002, 3.6987989E+001
 9.9651764E+001, 1.8596262E+000, 1.9883956E-019, 1.3670823E-001, 6.8842275E+001, 2.2287700E-001, 0.0000000E+000,-1.2118857E-001,-8.0965836E-002, 3.6960141E+001
 9.9822710E+001, 1.8596826E+000, 1.9926064E-019, 1.1788155E-001, 6.6596404E+001, 2.0162503E-001, 0.0000000E+000,-1.1328216E-001,-8.0550964E-002, 3.6868363E+001
 1.0007913E+002, 1.8597018E+000, 1.9918241E-019, 1.3156825E-001, 6.9132619E+001, 2.1687285E-001, 0.0000000E+000,-1.2218180E-001,-8.0335375E-002, 3.6872926E+001
 1.0025007E+002, 1.8597083E+000, 1.9922217E-019, 1.3766270E-001, 7.0058306E+001, 2.2372654E-001, 0.0000000E+000,-1.2546695E-001,-8.0456987E-002, 3.6900177E+001
 1.0042102E+002, 1.8595266E+000, 1.9944943E-019, 1.3725181E-001, 6.9833801E+001, 2.2327736E-001, 0.0000000E+000,-1.2468266E-001,-8.0592110E-002, 3.6911251E+001
 1.0064534E+002, 1.8594970E+000, 1.9976459E-019, 1.4319617E-001, 7.1679978E+001, 2.2990201E-001, 0.0000000E+000,-1.3133399E-001,-8.0733007E-002, 3.6941467E+001
 1.0086967E+002, 1.8596346E+000, 2.0034005E-019, 1.5284001E-001, 7.3031817E+001, 2.4080631E-001, 0.0000000E+000,-1.3624528E-001,-8.1101870E-002, 3.7013545E+001
 1.0101922E+002, 1.8598618E+000, 2.0092774E-019, 1.3896771E-001, 6.9422997E+001, 2.2551291E-001, 0.0000000E+000,-1.2320392E-001,-8.1141275E-002, 3.6994848E+001
 1.0124355E+002, 1.8599403E+000, 2.0135112E-019, 1.1545445E-001, 6.4924247E+001, 1.9899789E-001, 0.0000000E+000,-1.0750686E-001,-8.0751049E-002, 3.6898676E+001
 1.0146787E+002, 1.8597023E+000, 2.0117391E-019, 1.1942901E-001, 6.6832628E+001, 2.0315634E-001, 0.0000000E+000,-1.1412035E-001,-8.0211092E-002, 3.6835370E+001
 1.0161743E+002, 1.8595164E+000, 2.0095284E-019, 1.3750265E-001, 7.0796303E+001, 2.2338379E-001, 0.0000000E+000,-1.2813854E-001,-8.0358077E-002, 3.6885337E+001
 1.0184175E+002, 1.8594301E+000, 2.0109499E-019, 1.4805587E-001, 7.2256359E+001, 2.3528241E-001, 0.0000000E+000,-1.3342648E-001,-8.0730758E-002, 3.6952155E+001
 1.0206608E+002, 1.8594693E+000, 2.0179420E-019, 1.4852563E-001, 7.2126559E+001, 2.3602541E-001, 0.0000000E+000,-1.3295008E-001,-8.1158176E-002, 3.7007816E+001
 1.0221563E+002, 1.8597252E+000, 2.0234218E-019, 1.4668170E-001, 7.1779437E+001, 2.3412810E-001, 0.0000000E+000,-1.3166353E-001,-8.1265088E-002, 3.7025760E+001
 1.0243995E+002, 1.8600956E+000, 2.0284677E-019, 1.4433776E-001, 7.1271494E+001, 2.3162521E-001, 0.0000000E+000,-1.2978902E-001,-8.1277520E-002, 3.7033056E+001
 1.0266428E+002, 1.8605841E+000, 2.0346302E-019, 1.4013288E-001, 7.0575118E+001, 2.2705961E-001, 0.0000000E+000,-1.2723250E-001,-8.1203739E-002, 3.7027877E+001
 1.0281383E+002, 1.8608133E+000, 2.0381257E-019, 1.4289684E-001, 7.1379806E+001, 2.3015724E-001, 0.0000000E+000,-1.3011099E-001,-8.1208994E-002, 3.7039434E+001
 1.0303816E+002, 1.8609173E+000, 2.0418060E-019, 1.4975874E-001, 7.2749279E+001, 2.3783762E-001, 0.0000000E+000,-1.3508278E-001,-8.1367627E-002, 3.7075625E+001
 1.0326248E+002, 1.8609784E+000, 2.0491987E-019, 1.4487644E-001, 7.1196931E+001, 2.3255173E-001, 0.0000000E+000,-1.2945051E-001,-8.1581064E-002, 3.7093363E+001
 1.0341204E+002, 1.8609947E+000, 2.0541229E-019, 1.3187124E-001, 6.8484914E+001, 2.1802379E-001, 0.0000000E+000,-1.1975560E-001,-8.1434757E-002, 3.7049124E+001
 1.0363636E+002, 1.8609243E+000, 2.0564014E-019, 1.2937713E-001, 6.8909518E+001, 2.1510324E-001, 0.0000000E+000,-1.2126991E-001,-8.1221020E-002, 3.7016966E+001
 1.0386069E+002, 1.8610240E+000, 2.0579643E-019, 1.4696501E-001, 7.2380456E+001, 2.3472118E-001, 0.0000000E+000,-1.3373480E-001,-8.1310106E-002, 3.7068763E+001
 1.0401024E+002, 1.8612499E+000, 2.0617872E-019, 1.5305631E-001, 7.3181792E+001, 2.4165481E-001, 0.0000000E+000,-1.3663521E-001,-8.1610017E-002, 3.7122604E+001
 1.0423457E+002, 1.8612930E+000, 2.0678397E-019, 1.4515159E-001, 7.0968339E+001, 2.3298893E-001, 0.0000000E+000,-1.2859497E-001,-8.1781344E-002, 3.7127889E+001
 1.0445889E+002, 1.8612461E+000, 2.0744179E-019, 1.2752286E-001, 6.8006144E+001, 2.1324070E-001, 0.0000000E+000,-1.1804810E-001,-8.1535314E-002, 3.7061171E+001
 1.0460844E+002, 1.8612078E+000, 2.0755326E-019, 1.2429048E-001, 6.7508253E+001, 2.0946830E-001, 0.0000000E+000,-1.1630542E-001,-8.1264884E-002, 3.7020449E+001
 1.0483277E+002, 1.8611485E+000, 2.0752391E-019, 1.2412021E-001, 6.7588978E+001, 2.0913884E-001, 0.0000000E+000,-1.1659384E-001,-8.1087355E-002, 3.6994872E+001
 1.0505710E+002, 1.8609488E+000, 2.0747946E-019, 1.3145756E-001, 6.9167209E+001, 2.1729929E-001, 0.0000000E+000,-1.2217870E-001,-8.1073999E-002, 3.7001609E+001
 1.0520665E+002, 1.8607710E+000, 2.0757178E-019, 1.4175957E-001, 7.1360054E+001, 2.2882487E-001, 0.0000000E+000,-1.3004646E-001,-8.1291859E-002, 3.7045808E+001
 1.0544593E+002, 1.8607104E+000, 2.0788477E-019, 1.5121806E-001, 7.3006858E+001, 2.3946259E-001, 0.0000000E+000,-1.3604584E-001,-8.1624848E-002, 3.7109660E+001
 1.0561043E+002, 1.8610316E+000, 2.0852467E-019, 1.4966767E-001, 7.2001912E+001, 2.3800215E-001, 0.0000000E+000,-1.3234903E-001,-8.1916523E-002, 3.7152273E+001
 1.0585719E+002, 1.8611678E+000, 2.0922859E-019, 1.3023724E-001, 6.8199355E+001, 2.1634272E-001, 0.0000000E+000,-1.1875372E-001,-8.1777915E-002, 3.7095961E+001
 1.0602170E+002, 1.8612514E+000, 2.0948232E-019, 1.2380829E-001, 6.7768444E+001, 2.0900025E-001, 0.0000000E+000,-1.1721324E-001,-8.1439294E-002, 3.7043104E+001
 1.0626846E+002, 1.8612864E+000, 2.0945995E-019, 1.3274535E-001, 6.9629464E+001, 2.1898443E-001, 0.0000000E+000,-1.2378720E-001,-8.1319554E-002, 3.7049592E+001
 1.0643296E+002, 1.8613254E+000, 2.0957504E-019, 1.3989221E-001, 7.0959408E+001, 2.2701331E-001, 0.0000000E+000,-1.2854425E-001,-8.1461574E-002, 3.7083222E+001
 1.0665202E+002, 1.8614197E+000, 2.0999143E-019, 1.4897884E-001, 7.2585034E+001, 2.3724956E-001, 0.0000000E+000,-1.3443395E-001,-8.1757897E-002, 3.7141108E+001
 1.0687108E+002, 1.8615212E+000, 2.1058321E-019, 1.5094554E-001, 7.2603789E+001, 2.3958176E-001, 0.0000000E+000,-1.3449346E-001,-8.2056151E-002, 3.7185168E+001
 1.0701712E+002, 1.8617535E+000, 2.1126249E-019, 1.4038949E-001, 6.9921121E+001, 2.2798554E-001, 0.0000000E+000,-1.2478989E-001,-8.2102729E-002, 3.7176762E+001
 1.0723618E+002, 1.8617875E+000, 2.1167057E-019, 1.1545195E-001, 6.5262097E+001, 1.9980863E-001, 0.0000000E+000,-1.0848997E-001,-8.1656257E-002, 3.7069050E+001
 1.0745523E+002, 1.8617077E+000, 2.1153386E-019, 1.1700799E-001, 6.7193062E+001, 2.0129972E-001, 0.0000000E+000,-1.1519237E-001,-8.1182326E-002, 3.7011755E+001
 1.0760127E+002, 1.8616496E+000, 2.1122706E-019, 1.4546409E-001, 7.2673757E+001, 2.3315213E-001, 0.0000000E+000,-1.3474990E-001,-8.1329245E-002, 3.7087165E+001
 1.0782033E+002, 1.8617170E+000, 2.1160696E-019, 1.6255594E-001, 7.5072157E+001, 2.5237153E-001, 0.0000000E+000,-1.4359029E-001,-8.2026745E-002, 3.7209186E+001
 1.0803939E+002, 1.8619644E+000, 2.1251888E-019, 1.5775543E-001, 7.3826143E+001, 2.4739913E-001, 0.0000000E+000,-1.3894133E-001,-8.2482530E-002, 3.7262578E+001
 1.0825845E+002, 1.8623676E+000, 2.1362796E-019, 1.5053534E-001, 7.2812415E+001, 2.3961562E-001, 0.0000000E+000,-1.3517127E-001,-8.2589562E-002, 3.7277357E+001
 1.0840448E+002, 1.8628005E+000, 2.1423523E-019, 1.5161837E-001, 7.3256003E+001, 2.4095394E-001, 0.0000000E+000,-1.3675646E-001,-8.2582063E-002, 3.7293633E+001
 1.0862354E+002, 1.8635296E+000, 2.1481778E-019, 1.5132395E-001, 7.2965649E+001, 2.4080972E-001, 0.0000000E+000,-1.3561948E-001,-8.2585567E-002, 3.7309634E+001
 1.0884260E+002, 1.8638525E+000, 2.1566708E-019, 1.5338233E-001, 7.3589863E+001, 2.4319714E-001, 0.0000000E+000,-1.3788484E-001,-8.2729658E-002, 3.7338340E+001
 1.0900324E+002, 1.8639722E+000, 2.1628148E-019, 1.5821297E-001, 7.4694585E+001, 2.4864598E-001, 0.0000000E+000,-1.4196275E-001,-8.2938477E-002, 3.7377786E+001
 1.0921482E+002, 1.8641246E+000, 2.1703773E-019, 1.5344566E-001, 7.2796573E+001, 2.4346085E-001, 0.0000000E+000,-1.3496177E-001,-8.3098861E-002, 3.7390411E+001
 1.0942640E+002, 1.8641214E+000, 2.1791358E-019, 1.2811338E-001, 6.8012661E+001, 2.1512156E-001, 0.0000000E+000,-1.1780629E-001,-8.2803654E-002, 3.7301057E+001
 1.0963797E+002, 1.8638270E+000, 2.1804915E-019, 1.2328364E-001, 6.8194035E+001, 2.0940993E-001, 0.0000000E+000,-1.1846848E-001,-8.2396888E-002, 3.7234629E+001
 1.0986365E+002, 1.8636258E+000, 2.1797467E-019, 1.5143749E-001, 7.3787077E+001, 2.4081205E-001, 0.0000000E+000,-1.3867133E-001,-8.2563919E-002, 3.7310132E+001
 1.1001881E+002, 1.8636280E+000, 2.1839678E-019, 1.6412904E-001, 7.5791548E+001, 2.5510022E-001, 0.0000000E+000,-1.4609979E-001,-8.3089814E-002, 3.7403396E+001
 1.1022360E+002, 1.8636730E+000, 2.1927411E-019, 1.5581756E-001, 7.3152898E+001, 2.4612442E-001, 0.0000000E+000,-1.3631174E-001,-8.3421061E-002, 3.7428648E+001
 1.1042840E+002, 1.8637391E+000, 2.2025337E-019, 1.3432094E-001, 6.9592068E+001, 2.2218012E-001, 0.0000000E+000,-1.2341312E-001,-8.3212493E-002, 3.7365176E+001
 1.1064002E+002, 1.8639188E+000, 2.2052028E-019, 1.3091046E-001, 6.9167773E+001, 2.1825627E-001, 0.0000000E+000,-1.2188473E-001,-8.2876383E-002, 3.7323496E+001
 1.1086529E+002, 1.8640332E+000, 2.2062857E-019, 1.3065223E-001, 6.9067655E+001, 2.1787428E-001, 0.0000000E+000,-1.2151879E-001,-8.2657499E-002, 3.7295426E+001
 1.1101547E+002, 1.8639555E+000, 2.2071098E-019, 1.2811979E-001, 6.8415961E+001, 2.1495692E-001, 0.0000000E+000,-1.1922392E-001,-8.2564829E-002, 3.7273979E+001
 1.1124074E+002, 1.8633695E+000, 2.2076083E-019, 1.2461068E-001, 6.7750040E+001, 2.1083816E-001, 0.0000000E+000,-1.1694090E-001,-8.2517582E-002, 3.7245984E+001
 1.1140594E+002, 1.8628179E+000, 2.2072842E-019, 1.2733387E-001, 6.8967715E+001, 2.1373890E-001, 0.0000000E+000,-1.2128874E-001,-8.2449593E-002, 3.7233611E+001
 1.1165374E+002, 1.8628584E+000, 2.2077037E-019, 1.4732960E-001, 7.2883344E+001, 2.3615263E-001, 0.0000000E+000,-1.3541586E-001,-8.2697375E-002, 3.7311106E+001
 1.1181894E+002, 1.8631167E+000, 2.2119391E-019, 1.5990433E-001, 7.5035057E+001, 2.5039228E-001, 0.0000000E+000,-1.4331556E-001,-8.3160286E-002, 3.7403972E+001
 1.1206674E+002, 1.8634036E+000, 2.2202826E-019, 1.4343021E-001, 6.9976203E+001, 2.3231062E-001, 0.0000000E+000,-1.2490925E-001,-8.3365125E-002, 3.7399814E+001
 1.1223194E+002, 1.8635014E+000, 2.2278848E-019, 1.0651230E-001, 6.3901087E+001, 1.9057133E-001, 0.0000000E+000,-1.0367440E-001,-8.2814935E-002, 3.7253312E+001
 1.1247974E+002, 1.8632930E+000, 2.2245191E-019, 1.1526722E-001, 6.6523524E+001, 2.0016787E-001, 0.0000000E+000,-1.1270839E-001,-8.2221417E-002, 3.7196422E+001
 1.1264494E+002, 1.8632224E+000, 2.2204910E-019, 1.3214582E-001, 7.0084898E+001, 2.1919142E-001, 0.0000000E+000,-1.2521878E-001,-8.2240413E-002, 3.7233205E+001
 1.1281014E+002, 1.8631272E+000, 2.2204009E-019, 1.3495262E-001, 6.9664608E+001, 2.2239118E-001, 0.0000000E+000,-1.2372829E-001,-8.2437057E-002, 3.7258297E+001
 1.1303507E+002, 1.8629359E+000, 2.2226621E-019, 1.3613449E-001, 7.0391857E+001, 2.2372222E-001, 0.0000000E+000,-1.2634822E-001,-8.2611634E-002, 3.7277033E+001
 1.1324858E+002, 1.8627989E+000, 2.2267686E-019, 1.4644248E-001, 7.2418083E+001, 2.3530312E-001, 0.0000000E+000,-1.3369428E-001,-8.2923767E-002, 3.7335889E+001
 1.1346208E+002, 1.8631589E+000, 2.2319159E-019, 1.5135638E-001, 7.2826443E+001, 2.4096772E-001, 0.0000000E+000,-1.3515334E-001,-8.3186561E-002, 3.7389164E+001
 1.1360442E+002, 1.8635971E+000, 2.2387408E-019, 1.3589846E-001, 6.9321444E+001, 2.2394567E-001, 0.0000000E+000,-1.2247303E-001,-8.3195856E-002, 3.7368407E+001
 1.1381792E+002, 1.8637849E+000, 2.2423291E-019, 1.2091682E-001, 6.7098835E+001, 2.0696239E-001, 0.0000000E+000,-1.1462784E-001,-8.2799100E-002, 3.7291419E+001
 1.1403143E+002, 1.8637080E+000, 2.2417204E-019, 1.3004047E-001, 6.9570941E+001, 2.1711407E-001, 0.0000000E+000,-1.2334750E-001,-8.2620110E-002, 3.7286668E+001
 1.1424493E+002, 1.8636442E+000, 2.2426476E-019, 1.3863094E-001, 7.0549551E+001, 2.2674622E-001, 0.0000000E+000,-1.2684446E-001,-8.2801599E-002, 3.7323348E+001
 1.1446555E+002, 1.8634441E+000, 2.2459310E-019, 1.3061386E-001, 6.8687954E+001, 2.1775468E-001, 0.0000000E+000,-1.2023576E-001,-8.2862054E-002, 3.7308250E+001
 1.1462212E+002, 1.8631846E+000, 2.2479921E-019, 1.2633199E-001, 6.8554646E+001, 2.1285448E-001, 0.0000000E+000,-1.1978907E-001,-8.2747993E-002, 3.7281220E+001
 1.1485698E+002, 1.8633476E+000, 2.2488376E-019, 1.4572148E-001, 7.2717439E+001, 2.3459535E-001, 0.0000000E+000,-1.3477067E-001,-8.2876746E-002, 3.7346509E+001
 1.1501355E+002, 1.8637953E+000, 2.2526617E-019, 1.6449923E-001, 7.6295966E+001, 2.5572255E-001, 0.0000000E+000,-1.4798234E-001,-8.3338800E-002, 3.7456472E+001
 1.1522152E+002, 1.8643352E+000, 2.2614552E-019, 1.6392891E-001, 7.5115085E+001, 2.5544520E-001, 0.0000000E+000,-1.4350415E-001,-8.3786252E-002, 3.7521398E+001
 1.1542950E+002, 1.8647971E+000, 2.2745356E-019, 1.4848662E-001, 7.2439298E+001, 2.3861270E-001, 0.0000000E+000,-1.3357676E-001,-8.3884559E-002, 3.7515682E+001
 1.1563747E+002, 1.8651385E+000, 2.2812170E-019, 1.3958613E-001, 7.0688178E+001, 2.2868820E-001, 0.0000000E+000,-1.2719662E-001,-8.3688677E-002, 3.7482889E+001
 1.1584545E+002, 1.8653887E+000, 2.2857553E-019, 1.3245073E-001, 6.9454348E+001, 2.2062296E-001, 0.0000000E+000,-1.2276139E-001,-8.3415678E-002, 3.7438334E+001
 1.1605342E+002, 1.8652411E+000, 2.2874999E-019, 1.2522278E-001, 6.7736316E+001, 2.1232608E-001, 0.0000000E+000,-1.1671416E-001,-8.3223121E-002, 3.7391485E+001
 1.1620594E+002, 1.8648461E+000, 2.2876237E-019, 1.1816701E-001, 6.6662200E+001, 2.0411075E-001, 0.0000000E+000,-1.1300434E-001,-8.2978721E-002, 3.7334379E+001
 1.1643471E+002, 1.8641861E+000, 2.2857484E-019, 1.2511402E-001, 6.8386102E+001, 2.1170143E-001, 0.0000000E+000,-1.1911811E-001,-8.2904378E-002, 3.7324047E+001
 1.1666348E+002, 1.8639509E+000, 2.2849571E-019, 1.4937924E-001, 7.3898614E+001, 2.3889670E-001, 0.0000000E+000,-1.3904012E-001,-8.3214085E-002, 3.7411985E+001
 1.1681600E+002, 1.8642041E+000, 2.2897540E-019, 1.6522827E-001, 7.5510321E+001, 2.5682642E-001, 0.0000000E+000,-1.4498835E-001,-8.3837138E-002, 3.7530889E+001
 1.1704477E+002, 1.8643836E+000, 2.3003509E-019, 1.4487018E-001, 7.1316810E+001, 2.3444242E-001, 0.0000000E+000,-1.2959717E-001,-8.4060471E-002, 3.7520617E+001
 1.1727355E+002, 1.8644396E+000, 2.3073844E-019, 1.1425617E-001, 6.5080635E+001, 1.9986729E-001, 0.0000000E+000,-1.0760669E-001,-8.3563198E-002, 3.7397362E+001
 1.1742606E+002, 1.8644081E+000, 2.3060324E-019, 1.1219244E-001, 6.6087312E+001, 1.9729823E-001, 0.0000000E+000,-1.1106303E-001,-8.2901644E-002, 3.7313019E+001
 1.1765483E+002, 1.8643563E+000, 2.3015734E-019, 1.2757324E-001, 6.8853596E+001, 2.1458766E-001, 0.0000000E+000,-1.2073682E-001,-8.2840323E-002, 3.7333503E+001
 1.1780735E+002, 1.8642819E+000, 2.3008951E-019, 1.3382790E-001, 6.9774934E+001, 2.2164114E-001, 0.0000000E+000,-1.2400874E-001,-8.3014424E-002, 3.7363096E+001
 1.1803612E+002, 1.8639317E+000, 2.3026409E-019, 1.3805009E-001, 7.1002154E+001, 2.2633985E-001, 0.0000000E+000,-1.2844792E-001,-8.3252872E-002, 3.7393209E+001
 1.1825695E+002, 1.8638861E+000, 2.3073511E-019, 1.5222581E-001, 7.3755738E+001, 2.4229845E-001, 0.0000000E+000,-1.3850073E-001,-8.3660275E-002, 3.7477527E+001
 1.1846187E+002, 1.8645659E+000, 2.3145201E-019, 1.5627724E-001, 7.3782326E+001, 2.4716079E-001, 0.0000000E+000,-1.3853833E-001,-8.3974918E-002, 3.7542344E+001
 1.1866680E+002, 1.8651481E+000, 2.3243525E-019, 1.3215857E-001, 6.8911811E+001, 2.2042483E-001, 0.0000000E+000,-1.2089128E-001,-8.3858201E-002, 3.7492143E+001
 1.1880342E+002, 1.8652562E+000, 2.3272709E-019, 1.2250560E-001, 6.7573539E+001, 2.0945588E-001, 0.0000000E+000,-1.1614305E-001,-8.3501758E-002, 3.7430798E+001
 1.1900835E+002, 1.8652739E+000, 2.3268584E-019, 1.3279147E-001, 7.0405502E+001, 2.2090309E-001, 0.0000000E+000,-1.2618255E-001,-8.3366762E-002, 3.7435344E+001
 1.1921327E+002, 1.8652938E+000, 2.3286606E-019, 1.4615277E-001, 7.2216974E+001, 2.3590746E-001, 0.0000000E+000,-1.3271218E-001,-8.3660409E-002, 3.7495398E+001
 1.1942503E+002, 1.8652055E+000, 2.3336937E-019, 1.4120828E-001, 7.1122193E+001, 2.3045366E-001, 0.0000000E+000,-1.2875190E-001,-8.3844725E-002, 3.7505702E+001
 1.1965045E+002, 1.8651967E+000, 2.3393293E-019, 1.4518627E-001, 7.2469219E+001, 2.3492518E-001, 0.0000000E+000,-1.3366370E-001,-8.3940650E-002, 3.7530558E+001
 1.1980073E+002, 1.8654936E+000, 2.3438461E-019, 1.6207266E-001, 7.6090875E+001, 2.5386359E-001, 0.0000000E+000,-1.4704725E-001,-8.4247041E-002, 3.7614368E+001
 1.2000000E+002, 1.8659299E+000, 2.3514621E-019, 1.6861340E-001, 7.6661355E+001, 2.6139393E-001, 0.0000000E+000,-1.4915786E-001,-8.4671238E-002, 3.7692188E+001
